{
    "problem_id": "2426",
    "solved": false,
    "problem_text": "For the pair of similar figures, use the given areas to find x.",
    "logic_forms": [
        "Equals(LengthOf(Line(D, B)), 4)",
        "Equals(LengthOf(Line(H, E)), x)",
        "Find(x)",
        "Similar(Rectangle(D, B, A, C), Rectangle(D, B, C, A))"
    ],
    "point_instances": [
        "A",
        "B",
        "C",
        "D",
        "E",
        "F",
        "G",
        "H"
    ],
    "line_instances": [
        "FG",
        "HG",
        "EH",
        "EF",
        "DC",
        "BD",
        "BA",
        "AC"
    ],
    "circle_instances": [],
    "point_positions": {
        "A": [
            12.558139534883722,
            154.5581395348837
        ],
        "B": [
            12.093023255813954,
            69.44186046511629
        ],
        "C": [
            216.27906976744188,
            155.02325581395348
        ],
        "D": [
            217.2093023255814,
            69.44186046511629
        ],
        "E": [
            280.4651162790698,
            38.279069767441854
        ],
        "F": [
            280.4651162790698,
            154.5581395348837
        ],
        "G": [
            582.7906976744187,
            154.093023255814
        ],
        "H": [
            582.7906976744187,
            39.209302325581405
        ]
    },
    "problem_choices": [
        "1",
        "2",
        "8",
        "16"
    ],
    "choices_precise_value": [
        1.0,
        2.0,
        8.0,
        16.0
    ],
    "problem_answer": 8.0,
    "total_time": 53.359479,
    "solution_predicate": null,
    "proof": null,
    "logic_fomrs_refined": [
        "Line(F, G)",
        "Line(H, G)",
        "Line(E, H)",
        "Line(E, F)",
        "Line(D, C)",
        "Line(B, D)",
        "Line(B, A)",
        "Line(A, C)",
        "Similar(Rectangle(D, B, A, C), Rectangle(A, B, D, C))",
        "Equals(LengthOf(Line(D, B)), 4.0)",
        "Equals(LengthOf(Line(H, E)), x)"
    ]
}