{
    "problem_id": "2523",
    "solved": false,
    "problem_text": "The pair of polygons is similar. Find x.",
    "logic_forms": [
        "Equals(LengthOf(Line(A, B)), x-2)",
        "Equals(LengthOf(Line(A, D)), x)",
        "Equals(LengthOf(Line(E, B)), 5)",
        "Equals(LengthOf(Line(G, D)), 7.5)",
        "Find(x)",
        "PointLiesOnLine(B, Line(E, A))",
        "PointLiesOnLine(D, Line(A, G))",
        "Similar(Rectangle(A, B, D, C), Rectangle(E, F, G, D))"
    ],
    "point_instances": [
        "G",
        "F",
        "C",
        "B",
        "D",
        "E",
        "A"
    ],
    "line_instances": [
        "AD",
        "AG",
        "DG",
        "EB",
        "EA",
        "BA",
        "EF",
        "FG",
        "BC",
        "CD"
    ],
    "circle_instances": [],
    "point_positions": {
        "G": [
            307.4498567335243,
            198.03438395415472
        ],
        "F": [
            306.87679083094554,
            44.739255014326645
        ],
        "C": [
            176.79083094555872,
            131.55873925501433
        ],
        "B": [
            79.08309455587393,
            131.55873925501433
        ],
        "D": [
            177.65042979942692,
            197.7478510028653
        ],
        "E": [
            79.08309455587393,
            43.87965616045845
        ],
        "A": [
            79.94269340974212,
            197.7478510028653
        ]
    },
    "problem_choices": [
        "2",
        "3",
        "5",
        "6"
    ],
    "choices_precise_value": [
        2.0,
        3.0,
        5.0,
        6.0
    ],
    "problem_answer": 6.0,
    "error": "\n                        Error: cannot find the derivation path between Minus(0.1904761905) and sim_ratio_rectangle_a_b_c_d_rectangle_e_f_g_d\n                        The group is ['0.0', '1.0', '-0.2666666667', '-0.1904761905', 'sim_ratio_rectangle_a_b_c_d_rectangle_e_f_g_d', '-195947340018.0']\n                        The representative is -0.2666666667\n                        The known equations are \n                        Equals(1.0, Minus(0.2666666667)),Equals(Minus(0.2666666667), Minus(195947340018.0)),Equals(Minus(0.2666666667), sim_ratio_rectangle_a_b_c_d_rectangle_e_f_g_d),Equals(Minus(0.1904761905), Minus(0.2666666667)),Equals(0.0, Minus(0.2666666667))\n                        The new equations are\n                        Equals(0.0, 1.0),Equals(0.0, Minus(0.1904761905)),Equals(0.0, sim_ratio_rectangle_a_b_c_d_rectangle_e_f_g_d),Equals(0.0, Minus(195947340018.0)),Equals(1.0, Minus(0.1904761905)),Equals(1.0, sim_ratio_rectangle_a_b_c_d_rectangle_e_f_g_d),Equals(1.0, Minus(195947340018.0)),Equals(Minus(0.1904761905), sim_ratio_rectangle_a_b_c_d_rectangle_e_f_g_d),Equals(Minus(0.1904761905), Minus(195947340018.0)),Equals(Minus(195947340018.0), sim_ratio_rectangle_a_b_c_d_rectangle_e_f_g_d)\n                    ",
    "total_time": 117.186562
}