{
    "problem_id": "2829",
    "solved": false,
    "problem_text": "Find the area of the shaded region. Assume that the polygon is regular unless otherwise stated. Round to the nearest tenth.",
    "logic_forms": [
        "Equals(LengthOf(Line(B, A)), 21)",
        "Find(Sub(AreaOf(Circle(B, radius_0_0)), AreaOf(Pentagon(A, D, F, H, J))))",
        "PointLiesOnCircle(A, Circle(B, radius_0_0))",
        "PointLiesOnCircle(D, Circle(B, radius_0_0))",
        "PointLiesOnCircle(F, Circle(B, radius_0_0))",
        "PointLiesOnCircle(H, Circle(B, radius_0_0))",
        "PointLiesOnCircle(J, Circle(B, radius_0_0))",
        "PointLiesOnLine(A, Line(K, C))",
        "PointLiesOnLine(D, Line(E, C))",
        "PointLiesOnLine(F, Line(G, E))",
        "PointLiesOnLine(H, Line(G, I))",
        "PointLiesOnLine(J, Line(I, K))",
        "Regular(Pentagon(A, D, F, H, J))"
    ],
    "point_instances": [
        "A",
        "B",
        "C",
        "D",
        "E",
        "F",
        "G",
        "H",
        "I",
        "J",
        "K"
    ],
    "line_instances": [
        "GH",
        "GI",
        "HI",
        "GF",
        "GE",
        "FE",
        "ED",
        "EC",
        "DC",
        "IJ",
        "IK",
        "JK",
        "KA",
        "KC",
        "AC",
        "BA"
    ],
    "circle_instances": [
        "B"
    ],
    "point_positions": {
        "A": [
            138.2850356294537,
            176.24703087885985
        ],
        "B": [
            107.16864608076008,
            104.75059382422803
        ],
        "C": [
            187.92874109263659,
            157.71971496437055
        ],
        "D": [
            185.07838479809976,
            104.75059382422803
        ],
        "E": [
            181.99049881235155,
            43.46793349168646
        ],
        "F": [
            130.68408551068885,
            29.453681710213775
        ],
        "G": [
            72.4893111638955,
            13.30166270783848
        ],
        "H": [
            41.8479809976247,
            60.80760095011877
        ],
        "I": [
            10.019002375296914,
            109.26365795724466
        ],
        "J": [
            46.36104513064133,
            152.7315914489311
        ],
        "K": [
            81.75296912114014,
            198.5748218527316
        ]
    },
    "problem_choices": [
        "216.6",
        "282.9",
        "464.8",
        "819.6"
    ],
    "choices_precise_value": [
        216.6,
        282.9,
        464.8,
        819.6
    ],
    "problem_answer": 216.6,
    "total_time": 1038.296166,
    "solution_predicate": null,
    "proof": null,
    "logic_fomrs_refined": [
        "Line(G, H)",
        "Line(G, I)",
        "Line(H, I)",
        "Line(G, F)",
        "Line(G, E)",
        "Line(F, E)",
        "Line(E, D)",
        "Line(E, C)",
        "Line(D, C)",
        "Line(I, J)",
        "Line(I, K)",
        "Line(J, K)",
        "Line(K, A)",
        "Line(K, C)",
        "Line(A, C)",
        "Line(B, A)",
        "Circle(B, radius_0_0)",
        "PointLiesOnCircle(A, Circle(B, radius_0_0))",
        "PointLiesOnCircle(D, Circle(B, radius_0_0))",
        "PointLiesOnCircle(F, Circle(B, radius_0_0))",
        "PointLiesOnCircle(H, Circle(B, radius_0_0))",
        "PointLiesOnCircle(J, Circle(B, radius_0_0))",
        "PointLiesOnLine(A, Line(K, C))",
        "PointLiesOnLine(D, Line(E, C))",
        "PointLiesOnLine(F, Line(G, E))",
        "PointLiesOnLine(H, Line(G, I))",
        "PointLiesOnLine(J, Line(I, K))",
        "Regular(Pentagon(A, D, F, H, J))",
        "Equals(LengthOf(Line(B, A)), 21.0)"
    ]
}