{
    "problem_id": "2512",
    "solved": false,
    "problem_text": "Find x.",
    "logic_forms": [
        "PointLiesOnLine(B, Line(A, C))",
        "Perpendicular(Line(A, D), Line(C, D))",
        "Perpendicular(Line(C, B), Line(D, B))",
        "Equals(LengthOf(Line(A, D)), y)",
        "Equals(LengthOf(Line(D, B)), x)",
        "Equals(LengthOf(Line(D, C)), 12)",
        "Equals(LengthOf(Line(A, C)), 10)",
        "Equals(LengthOf(Line(A, B)), z)",
        "Find(x)"
    ],
    "point_instances": [
        "A",
        "B",
        "C",
        "D"
    ],
    "line_instances": [
        "AB",
        "AC",
        "BC",
        "DA",
        "DB",
        "DC"
    ],
    "circle_instances": [],
    "point_positions": {
        "A": [
            19.942196531791907,
            184.79768786127167
        ],
        "B": [
            129.47976878612718,
            183.9306358381503
        ],
        "C": [
            376.0115606936416,
            184.21965317919074
        ],
        "D": [
            129.76878612716763,
            20.057803468208093
        ]
    },
    "problem_choices": [
        "5",
        "2 \\sqrt { 11 }",
        "10",
        "4 \\sqrt { 11 }"
    ],
    "choices_precise_value": [
        5.0,
        6.6332495807108,
        10.0,
        13.2664991614216
    ],
    "problem_answer": 6.6332495807108,
    "error": "Invalid atomic predicate 0.0000000000+6.6332495807j.",
    "total_time": 38.5007
}