{
    "problem_id": "2999",
    "solved": true,
    "problem_text": "The square is circumscribed to the circle. Find the exact circumference of the circle.",
    "logic_forms": [
        "CircumscribedTo(Square(H, I, G, F), Circle(B, radius_0_0))",
        "Equals(DiameterOf(Circle(B, radius_0_0)), 14)",
        "Equals(LengthOf(Line(G, F)), 14)",
        "Equals(RadiusOf(Circle(B, radius_0_0)), 7)",
        "Find(CircumferenceOf(Circle(B, radius_0_0)))",
        "Perpendicular(Line(A, F), Line(E, F))",
        "Perpendicular(Line(A, H), Line(D, H))",
        "Perpendicular(Line(C, G), Line(E, G))",
        "Perpendicular(Line(D, I), Line(C, I))",
        "PointLiesOnCircle(A, Circle(B, radius_0_0))",
        "PointLiesOnCircle(C, Circle(B, radius_0_0))",
        "PointLiesOnCircle(D, Circle(B, radius_0_0))",
        "PointLiesOnCircle(E, Circle(B, radius_0_0))",
        "PointLiesOnLine(A, Line(H, F))",
        "PointLiesOnLine(C, Line(I, G))",
        "PointLiesOnLine(D, Line(H, I))",
        "PointLiesOnLine(E, Line(F, G))"
    ],
    "point_instances": [
        "A",
        "B",
        "C",
        "D",
        "E",
        "F",
        "G",
        "H",
        "I"
    ],
    "line_instances": [
        "HA",
        "HF",
        "AF",
        "HD",
        "HI",
        "DI",
        "IC",
        "IG",
        "CG",
        "FE",
        "FG",
        "EG"
    ],
    "circle_instances": [
        "B"
    ],
    "point_positions": {
        "A": [
            85.86956521739128,
            221.82608695652172
        ],
        "B": [
            257.0652173913043,
            222.36956521739128
        ],
        "C": [
            427.71739130434776,
            225.08695652173913
        ],
        "D": [
            256.52173913043475,
            51.17391304347826
        ],
        "E": [
            258.15217391304344,
            393.02173913043475
        ],
        "F": [
            84.2391304347826,
            393.02173913043475
        ],
        "G": [
            427.71739130434776,
            392.4782608695652
        ],
        "H": [
            85.32608695652172,
            51.17391304347826
        ],
        "I": [
            426.63043478260863,
            49.0
        ]
    },
    "problem_choices": [
        "7 \\pi",
        "14 \\pi",
        "21 \\pi",
        "28 \\pi"
    ],
    "choices_precise_value": [
        21.991148575128552,
        43.982297150257104,
        65.97344572538566,
        87.96459430051421
    ],
    "problem_answer": 43.982297150257104,
    "total_time": 389.073998,
    "solution_predicate": "Equals(43.9822971504, CircumferenceOf(Circle(B, radius_0_0)))",
    "proof": "Step 1:\nTheorem: Known facts\nPremises : start\nConclusions: 3.14 = pi, 7 = radius_0_0, Circumference(\u2299(B, radius_0_0))\n\nStep 2:\nTheorem: Evaluate\nPremises : 7 = radius_0_0, 3.14 = pi\nConclusions: 43.98 = pi * 2 * radius_0_0\n\nStep 3:\nTheorem: Circle Circumference Formula\nPremises : Circumference(\u2299(B, radius_0_0))\nConclusions: pi * 2 * radius_0_0 = Circumference(\u2299(B, radius_0_0))\n\nStep 4:\nTheorem: Transtivity of Equivalence\nPremises : pi * 2 * radius_0_0 = Circumference(\u2299(B, radius_0_0)), 43.98 = pi * 2 * radius_0_0\nConclusions: 43.98 = Circumference(\u2299(B, radius_0_0))\n\n",
    "logic_fomrs_refined": [
        "Line(H, A)",
        "Line(H, F)",
        "Line(A, F)",
        "Line(H, D)",
        "Line(H, I)",
        "Line(D, I)",
        "Line(I, C)",
        "Line(I, G)",
        "Line(C, G)",
        "Line(F, E)",
        "Line(F, G)",
        "Line(E, G)",
        "Circle(B, radius_0_0)",
        "CircumscribedTo(Square(H, I, G, F), Circle(B, radius_0_0))",
        "Perpendicular(Line(A, F), Line(E, F))",
        "Perpendicular(Line(A, H), Line(D, H))",
        "Perpendicular(Line(C, G), Line(E, G))",
        "Perpendicular(Line(D, I), Line(C, I))",
        "PointLiesOnCircle(A, Circle(B, radius_0_0))",
        "PointLiesOnCircle(C, Circle(B, radius_0_0))",
        "PointLiesOnCircle(D, Circle(B, radius_0_0))",
        "PointLiesOnCircle(E, Circle(B, radius_0_0))",
        "PointLiesOnLine(A, Line(H, F))",
        "PointLiesOnLine(C, Line(I, G))",
        "PointLiesOnLine(D, Line(H, I))",
        "PointLiesOnLine(E, Line(F, G))",
        "Equals(Mul(2.0, radius_0_0), 14.0)",
        "Equals(LengthOf(Line(G, F)), 14.0)",
        "Equals(radius_0_0, 7.0)"
    ],
    "correct": true
}