{
    "problem_id": "2654",
    "solved": true,
    "problem_text": "Find the area of the regular polygon figure. Round to the nearest tenth.",
    "logic_forms": [
        "Equals(LengthOf(Line(I, E)), 6)",
        "Find(AreaOf(Regular(Octagon(A, B, C, D, E, F, G, H))))"
    ],
    "point_instances": [
        "A",
        "B",
        "C",
        "D",
        "E",
        "F",
        "G",
        "H",
        "I"
    ],
    "line_instances": [
        "IE",
        "EF",
        "GF",
        "HG",
        "AH",
        "BA",
        "BC",
        "CD",
        "DE"
    ],
    "circle_instances": [],
    "point_positions": {
        "A": [
            16.698961937716263,
            114.35986159169549
        ],
        "B": [
            16.698961937716263,
            58.99653979238754
        ],
        "C": [
            60.12456747404843,
            20.761245674740483
        ],
        "D": [
            121.71626297577853,
            20.93425605536332
        ],
        "E": [
            165.14186851211073,
            59.34256055363321
        ],
        "F": [
            165.14186851211073,
            114.01384083044982
        ],
        "G": [
            122.06228373702422,
            153.28719723183391
        ],
        "H": [
            60.12456747404843,
            152.94117647058823
        ],
        "I": [
            91.61245674740483,
            87.0242214532872
        ]
    },
    "problem_choices": [
        "12.7",
        "25.5",
        "101.8",
        "203.6"
    ],
    "choices_precise_value": [
        12.7,
        25.5,
        101.8,
        203.6
    ],
    "problem_answer": 101.8,
    "total_time": 30.587893,
    "solution_predicate": "Equals(101.8233764911, AreaOf(Regular(Octagon(A, B, C, D, E, F, G, H))))",
    "proof": "Step 1:\nTheorem: Known facts\nPremises : start\nConclusions: Octagon(A, B, C, D, E, F, G, H), 3.14 = pi, 6 = EI\n\nStep 2:\nTheorem: Regular Octagon(A, B, C, D, E, F, G, H) Area formula by formula 2\nPremises : Octagon(A, B, C, D, E, F, G, H)\nConclusions: Area(Regular(Octagon(A, B, C, D, E, F, G, H))) = (8 * sin(2 * (pi / 8)) * EI ** 2) / 2\n\nStep 3:\nTheorem: Substitution\nPremises : 3.14 = pi, 6 = EI, Area(Regular(Octagon(A, B, C, D, E, F, G, H))) = (8 * sin(2 * (pi / 8)) * EI ** 2) / 2\nConclusions: (8 * 6 ** 2 * sin(2 * (3.14 / 8))) / 2 = Area(Regular(Octagon(A, B, C, D, E, F, G, H)))\n\nStep 4:\nTheorem: Evaluate\nPremises : (8 * 6 ** 2 * sin(2 * (3.14 / 8))) / 2 = Area(Regular(Octagon(A, B, C, D, E, F, G, H)))\nConclusions: 101.82 = Area(Regular(Octagon(A, B, C, D, E, F, G, H)))\n\n",
    "logic_fomrs_refined": [
        "Line(I, E)",
        "Line(E, F)",
        "Line(G, F)",
        "Line(H, G)",
        "Line(A, H)",
        "Line(B, A)",
        "Line(B, C)",
        "Line(C, D)",
        "Line(D, E)",
        "Equals(LengthOf(Line(I, E)), 6.0)"
    ],
    "correct": true
}