{
    "problem_id": "2643",
    "solved": true,
    "problem_text": "Find x in the figure.",
    "logic_forms": [
        "PointLiesOnLine(D, Line(E, C))",
        "PointLiesOnLine(B, Line(C, A))",
        "Parallel(Line(F, D), Line(G, C))",
        "Parallel(Line(F, D), Line(H, B))",
        "Parallel(Line(G, C), Line(H, B))",
        "Equals(MeasureOf(Angle(E, D, F)), 7x+9)",
        "Equals(MeasureOf(Angle(D, C, B)), 11x-1)",
        "Equals(MeasureOf(Angle(A, B, H)), 2y+5)",
        "Equals(MeasureOf(Angle(E, D, F)), z)",
        "Equals(MeasureOf(Angle(D, C, B)), 7y-4)",
        "Find(x)"
    ],
    "point_instances": [
        "A",
        "B",
        "C",
        "D",
        "E",
        "F",
        "G",
        "H"
    ],
    "line_instances": [
        "ED",
        "EC",
        "DC",
        "CB",
        "CA",
        "BA",
        "HB",
        "GC",
        "FD"
    ],
    "circle_instances": [],
    "point_positions": {
        "A": [
            182.06586826347305,
            260.7784431137725
        ],
        "B": [
            180.5688622754491,
            193.11377245508982
        ],
        "C": [
            180.8682634730539,
            153.2934131736527
        ],
        "D": [
            204.22155688622755,
            125.74850299401199
        ],
        "E": [
            292.2455089820359,
            23.05389221556886
        ],
        "F": [
            16.796407185628745,
            18.862275449101798
        ],
        "G": [
            17.095808383233532,
            59.5808383233533
        ],
        "H": [
            16.197604790419163,
            100.2994011976048
        ]
    },
    "problem_choices": [
        "11",
        "12",
        "13",
        "14"
    ],
    "choices_precise_value": [
        11.0,
        12.0,
        13.0,
        14.0
    ],
    "problem_answer": 14.0,
    "total_time": 27.286977,
    "solution_predicate": "Equals(16.3716216216, x)",
    "proof": "Step 1:\nTheorem: Known facts\nPremises : start\nConclusions: \u2220GCA, 3.14 = pi, pi * ((5 + 2 * y) / 180) = \u2220HBA, \u2220HBA, D on CE, CG || DF, BH || CG, pi * ((7 * y - 4) / 180) = \u2220BCD, \u2220DCG, \u2220ECG, pi * ((11 * x - 1) / 180) = \u2220BCD, \u2220ACG, \u2220GCB, \u2220GCA, \u2220BCD, pi * (z / 180) = \u2220EDF, B on AC, pi * ((9 + 7 * x) / 180) = \u2220EDF\n\nStep 2:\nTheorem: Substitution\nPremises : pi * ((5 + 2 * y) / 180) = \u2220HBA, 3.14 = pi\nConclusions: 3.14 * ((5 + 2 * y) / 180) = \u2220HBA\n\nStep 3:\nTheorem: Reverse Angle Definition\nPremises : \u2220HBA\nConclusions: \u2220HBA = 2 * pi - \u2220ABH\n\nStep 4:\nTheorem: Corresponding Angle Theorem\nPremises : CG || DF\nConclusions: \u2220ECG = \u2220EDF\n\nStep 5:\nTheorem: Corresponding Angle Theorem\nPremises : BH || CG\nConclusions: \u2220ABH = \u2220ACG\n\nStep 6:\nTheorem: Substitution\nPremises : pi * ((7 * y - 4) / 180) = \u2220BCD, 3.14 = pi\nConclusions: 3.14 * ((7 * y - 4) / 180) = \u2220BCD\n\nStep 7:\nTheorem: Same Angle\nPremises : D on CE, \u2220ECG\nConclusions: \u2220DCG = \u2220ECG\n\nStep 8:\nTheorem: Substitution\nPremises : pi * ((11 * x - 1) / 180) = \u2220BCD, 3.14 = pi\nConclusions: 3.14 * ((11 * x - 1) / 180) = \u2220BCD\n\nStep 9:\nTheorem: Reverse Angle Definition\nPremises : \u2220GCA\nConclusions: \u2220GCA = 2 * pi - \u2220ACG\n\nStep 10:\nTheorem: Circumference splited\nPremises : \u2220DCG, \u2220GCB, \u2220BCD\nConclusions: 2 * pi = \u2220BCD + \u2220DCG + \u2220GCB\n\nStep 11:\nTheorem: Same Angle\nPremises : B on AC, \u2220ACG\nConclusions: \u2220ACG = \u2220BCG\n\nStep 12:\nTheorem: Same Angle\nPremises : B on AC, \u2220GCA\nConclusions: \u2220GCA = \u2220GCB\n\nStep 13:\nTheorem: Transtivity of Equivalence\nPremises : pi * (z / 180) = \u2220EDF, pi * ((9 + 7 * x) / 180) = \u2220EDF\nConclusions: pi * (z / 180) = pi * ((9 + 7 * x) / 180)\n\nStep 14:\nTheorem: Transtivity of Equivalence\nPremises : 3.14 * ((5 + 2 * y) / 180) = \u2220HBA, pi * ((5 + 2 * y) / 180) = \u2220HBA\nConclusions: 3.14 * ((5 + 2 * y) / 180) = pi * ((5 + 2 * y) / 180)\n\nStep 15:\nTheorem: Transtivity of Equivalence\nPremises : pi * (z / 180) = \u2220EDF, \u2220ECG = \u2220EDF\nConclusions: pi * (z / 180) = \u2220ECG\n\nStep 16:\nTheorem: Transtivity of Equivalence\nPremises : 3.14 * ((11 * x - 1) / 180) = \u2220BCD, 3.14 * ((7 * y - 4) / 180) = \u2220BCD\nConclusions: 3.14 * ((11 * x - 1) / 180) = 3.14 * ((7 * y - 4) / 180)\n\nStep 17:\nTheorem: Substitution\nPremises : 2 * pi = \u2220BCD + \u2220DCG + \u2220GCB, 3.14 = pi\nConclusions: 2 * 3.14 = \u2220BCD + \u2220DCG + \u2220GCB\n\nStep 18:\nTheorem: Transtivity of Equivalence\nPremises : \u2220ABH = \u2220ACG, \u2220ACG = \u2220BCG\nConclusions: \u2220ABH = \u2220BCG\n\nStep 19:\nTheorem: Substitution\nPremises : \u2220ACG = \u2220BCG, \u2220GCA = \u2220GCB, 3.14 = pi, \u2220GCA = 2 * pi - \u2220ACG\nConclusions: \u2220GCB = 2 * 3.14 - \u2220BCG\n\nStep 20:\nTheorem: Substitution\nPremises : pi * (z / 180) = pi * ((9 + 7 * x) / 180), 3.14 = pi\nConclusions: 3.14 * (z / 180) = 3.14 * ((9 + 7 * x) / 180)\n\nStep 21:\nTheorem: Transtivity of Equivalence\nPremises : pi * (z / 180) = \u2220ECG, \u2220DCG = \u2220ECG\nConclusions: pi * (z / 180) = \u2220DCG\n\nStep 22:\nTheorem: Substitution\nPremises : \u2220ABH = \u2220BCG, \u2220HBA = 2 * pi - \u2220ABH, 3.14 = pi\nConclusions: \u2220HBA = 2 * 3.14 - \u2220BCG\n\nStep 23:\nTheorem: Substitution\nPremises : pi * (z / 180) = \u2220DCG, 3.14 = pi\nConclusions: 3.14 * (z / 180) = \u2220DCG\n\nStep 24:\nTheorem: Transtivity of Equivalence\nPremises : \u2220HBA = 2 * 3.14 - \u2220BCG, pi * ((5 + 2 * y) / 180) = \u2220HBA\nConclusions: pi * ((5 + 2 * y) / 180) = 2 * 3.14 - \u2220BCG\n\nStep 25:\nTheorem: Transtivity of Equivalence\nPremises : pi * ((5 + 2 * y) / 180) = 2 * 3.14 - \u2220BCG, \u2220GCB = 2 * 3.14 - \u2220BCG\nConclusions: pi * ((5 + 2 * y) / 180) = \u2220GCB\n\nStep 26:\nTheorem: Transtivity of Equivalence\nPremises : 3.14 * ((5 + 2 * y) / 180) = pi * ((5 + 2 * y) / 180), pi * ((5 + 2 * y) / 180) = \u2220GCB\nConclusions: 3.14 * ((5 + 2 * y) / 180) = \u2220GCB\n\nStep 27:\nTheorem: Solve Linear Equation System\nPremises : 3.14 * ((11 * x - 1) / 180) = 3.14 * ((7 * y - 4) / 180), 3.14 * ((11 * x - 1) / 180) = \u2220BCD, 3.14 * (z / 180) = \u2220DCG, 3.14 * ((5 + 2 * y) / 180) = \u2220GCB, 3.14 * (z / 180) = 3.14 * ((9 + 7 * x) / 180), 2 * 3.14 = \u2220BCD + \u2220DCG + \u2220GCB\nConclusions: 16.37 = x\n\n",
    "logic_fomrs_refined": [
        "Line(E, D)",
        "Line(E, C)",
        "Line(D, C)",
        "Line(C, B)",
        "Line(C, A)",
        "Line(B, A)",
        "Line(H, B)",
        "Line(G, C)",
        "Line(F, D)",
        "PointLiesOnLine(D, Line(E, C))",
        "PointLiesOnLine(B, Line(C, A))",
        "Parallel(Line(F, D), Line(G, C))",
        "Parallel(Line(F, D), Line(H, B))",
        "Parallel(Line(G, C), Line(H, B))",
        "Equals(MeasureOf(Angle(E, D, F)), Mul(pi, Div(Add(Mul(7.0, x), 9.0), 180.0)))",
        "Equals(MeasureOf(Angle(B, C, D)), Mul(pi, Div(Sub(Mul(11.0, x), 1.0), 180.0)))",
        "Equals(MeasureOf(Angle(H, B, A)), Mul(pi, Div(Add(Mul(2.0, y), 5.0), 180.0)))",
        "Equals(MeasureOf(Angle(E, D, F)), Mul(pi, Div(z, 180.0)))",
        "Equals(MeasureOf(Angle(B, C, D)), Mul(pi, Div(Sub(Mul(7.0, y), 4.0), 180.0)))"
    ],
    "correct": false
}