{
    "problem_id": "7131",
    "solved": true,
    "problem_text": "m \\angle BDK = 3x+4, m \\angle JDR = 5x-10, find the measurement of \\angle KDR.",
    "logic_forms": [
        "Equals(MeasureOf(Angle(B, D, K)), MeasureOf(Angle(R, D, J)))",
        "Line(B, D)",
        "Line(D, A)",
        "Line(D, C)",
        "Line(D, J)",
        "Line(D, R)",
        "Line(E, D)",
        "Line(E, K)",
        "Line(F, B)",
        "Line(F, D)",
        "Line(J, C)",
        "Line(K, D)",
        "Line(R, A)",
        "Perpendicular(Line(F, D), Line(D, A))",
        "PointLiesOnLine(B, Line(F, D))",
        "PointLiesOnLine(J, Line(D, C))",
        "PointLiesOnLine(K, Line(E, D))",
        "PointLiesOnLine(R, Line(D, A))",
        "Equals(MeasureOf(Angle(B,D,K)),3x+4)",
        "Equals(MeasureOf(Angle(J,D,R)),5x-10)",
        "Find(MeasureOf(Angle(K,D,R)))"
    ],
    "point_instances": [
        "D",
        "R",
        "A",
        "C",
        "J",
        "K",
        "E",
        "F",
        "B"
    ],
    "line_instances": [
        "FB",
        "FD",
        "BD",
        "DR",
        "DA",
        "RA",
        "DK",
        "DE",
        "KE",
        "DJ",
        "DC",
        "JC"
    ],
    "circle_instances": [],
    "point_positions": {
        "D": [
            61.55396825396825,
            243.12857142857143
        ],
        "R": [
            223.2888888888889,
            243.12857142857143
        ],
        "A": [
            276.4273504273504,
            243.7318681318681
        ],
        "C": [
            263.4111111111111,
            169.92857142857144
        ],
        "J": [
            212.28547008547008,
            188.36263736263737
        ],
        "K": [
            117.14615384615387,
            89.82417582417582
        ],
        "E": [
            134.9931623931624,
            41.15824175824176
        ],
        "F": [
            60.8063492063492,
            28.383673469387755
        ],
        "B": [
            61.05555555555556,
            81.04285714285714
        ]
    },
    "problem_choices": [
        25.0,
        40.0,
        50.0,
        65.0
    ],
    "choices_precise_value": [
        25.0,
        40.0,
        50.0,
        65.0
    ],
    "problem_answer": 65.0,
    "total_time": 155.635948,
    "solution_predicate": "Equals(1.1344640138, MeasureOf(Angle(R, D, K)))",
    "proof": "Step 1:\nTheorem: Known facts\nPremises : start\nConclusions: \u2220KDB = \u2220RDJ, \u2220ADK, 3.14 = pi, \u2220FDJ, \u2220CDE, B on DF, \u2220ADE, \u2220KDF, \u2220EDF, pi * ((4 + 3 * x) / 180) = \u2220KDB, R on AD, \u2220JDE, J on CD, \u2220FDC, \u2220FDA, AD \u22a5 DF, K on DE, pi * ((5 * x - 10) / 180) = \u2220RDJ\n\nStep 2:\nTheorem: Same Angle\nPremises : B on DF, \u2220KDF\nConclusions: \u2220KDB = \u2220KDF\n\nStep 3:\nTheorem: Same Angle\nPremises : \u2220ADK, R on AD\nConclusions: \u2220ADK = \u2220RDK\n\nStep 4:\nTheorem: Same Angle\nPremises : \u2220ADE, R on AD\nConclusions: \u2220ADE = \u2220RDE\n\nStep 5:\nTheorem: Circumference splited\nPremises : \u2220FDJ, \u2220JDE, \u2220EDF\nConclusions: 2 * pi = \u2220EDF + \u2220FDJ + \u2220JDE\n\nStep 6:\nTheorem: Same Angle\nPremises : \u2220CDE, J on CD\nConclusions: \u2220CDE = \u2220JDE\n\nStep 7:\nTheorem: Circumference splited\nPremises : \u2220CDE, \u2220FDC, \u2220EDF\nConclusions: 2 * pi = \u2220CDE + \u2220EDF + \u2220FDC\n\nStep 8:\nTheorem: Same Angle\nPremises : \u2220FDC, J on CD\nConclusions: \u2220FDC = \u2220FDJ\n\nStep 9:\nTheorem: Circumference splited\nPremises : \u2220FDA, \u2220ADK, \u2220KDF\nConclusions: 2 * pi = \u2220ADK + \u2220FDA + \u2220KDF\n\nStep 10:\nTheorem: Perpendicular to Right Angle\nPremises : AD \u22a5 DF\nConclusions: (3 * pi) / 2 = \u2220FDA\n\nStep 11:\nTheorem: Same Angle\nPremises : K on DE, \u2220ADE\nConclusions: \u2220ADE = \u2220ADK\n\nStep 12:\nTheorem: Transtivity of Equivalence\nPremises : \u2220KDB = \u2220RDJ, pi * ((5 * x - 10) / 180) = \u2220RDJ\nConclusions: pi * ((5 * x - 10) / 180) = \u2220KDB\n\nStep 13:\nTheorem: Substitution\nPremises : \u2220FDC = \u2220FDJ, 3.14 = pi, 2 * pi = \u2220CDE + \u2220EDF + \u2220FDC, \u2220CDE = \u2220JDE\nConclusions: 2 * 3.14 = \u2220EDF + \u2220FDJ + \u2220JDE\n\nStep 14:\nTheorem: Transtivity of Equivalence\nPremises : \u2220ADK = \u2220RDK, \u2220ADE = \u2220ADK, \u2220ADE = \u2220RDE\nConclusions: \u2220RDE = \u2220RDK\n\nStep 15:\nTheorem: Transtivity of Equivalence\nPremises : pi * ((4 + 3 * x) / 180) = \u2220KDB, pi * ((5 * x - 10) / 180) = \u2220KDB\nConclusions: pi * ((4 + 3 * x) / 180) = pi * ((5 * x - 10) / 180)\n\nStep 16:\nTheorem: Transtivity of Equivalence\nPremises : \u2220KDB = \u2220KDF, pi * ((5 * x - 10) / 180) = \u2220KDB\nConclusions: pi * ((5 * x - 10) / 180) = \u2220KDF\n\nStep 17:\nTheorem: Transtivity of Equivalence\nPremises : 2 * 3.14 = \u2220EDF + \u2220FDJ + \u2220JDE, 2 * pi = \u2220EDF + \u2220FDJ + \u2220JDE\nConclusions: 2 * 3.14 = 2 * pi\n\nStep 18:\nTheorem: Transtivity of Equivalence\nPremises : \u2220ADK = \u2220RDK, \u2220RDE = \u2220RDK\nConclusions: \u2220ADK = \u2220RDE\n\nStep 19:\nTheorem: Substitution\nPremises : pi * ((5 * x - 10) / 180) = \u2220KDF, 3.14 = pi\nConclusions: 3.14 * ((5 * x - 10) / 180) = \u2220KDF\n\nStep 20:\nTheorem: Substitution\nPremises : 2 * pi = \u2220ADK + \u2220FDA + \u2220KDF, 3.14 = pi, \u2220ADK = \u2220RDE, (3 * pi) / 2 = \u2220FDA\nConclusions: 2 * 3.14 = (3 * 3.14) / 2 + \u2220KDF + \u2220RDE\n\nStep 21:\nTheorem: Transtivity of Equivalence\nPremises : 3.14 * ((5 * x - 10) / 180) = \u2220KDF, pi * ((5 * x - 10) / 180) = \u2220KDF\nConclusions: 3.14 * ((5 * x - 10) / 180) = pi * ((5 * x - 10) / 180)\n\nStep 22:\nTheorem: Transtivity of Equivalence\nPremises : 2 * 3.14 = 2 * pi, 2 * 3.14 = (3 * 3.14) / 2 + \u2220KDF + \u2220RDE\nConclusions: 2 * pi = (3 * 3.14) / 2 + \u2220KDF + \u2220RDE\n\nStep 23:\nTheorem: Transtivity of Equivalence\nPremises : 3.14 * ((5 * x - 10) / 180) = pi * ((5 * x - 10) / 180), pi * ((4 + 3 * x) / 180) = pi * ((5 * x - 10) / 180)\nConclusions: 3.14 * ((5 * x - 10) / 180) = pi * ((4 + 3 * x) / 180)\n\nStep 24:\nTheorem: Substitution\nPremises : 3.14 * ((5 * x - 10) / 180) = \u2220KDF, 2 * pi = (3 * 3.14) / 2 + \u2220KDF + \u2220RDE, 3.14 = pi\nConclusions: 2 * 3.14 = (3 * 3.14) / 2 + 3.14 * ((5 * x - 10) / 180) + \u2220RDE\n\nStep 25:\nTheorem: Substitution\nPremises : 3.14 * ((5 * x - 10) / 180) = pi * ((4 + 3 * x) / 180), 3.14 = pi\nConclusions: 3.14 * ((4 + 3 * x) / 180) = 3.14 * ((5 * x - 10) / 180)\n\nStep 26:\nTheorem: Solve Linear Equation System\nPremises : 2 * 3.14 = (3 * 3.14) / 2 + 3.14 * ((5 * x - 10) / 180) + \u2220RDE, \u2220RDE = \u2220RDK, 3.14 * ((4 + 3 * x) / 180) = 3.14 * ((5 * x - 10) / 180)\nConclusions: 1.13 = \u2220RDK\n\n",
    "logic_fomrs_refined": [
        "Line(F, B)",
        "Line(F, D)",
        "Line(B, D)",
        "Line(D, R)",
        "Line(D, A)",
        "Line(R, A)",
        "Line(D, K)",
        "Line(D, E)",
        "Line(K, E)",
        "Line(D, J)",
        "Line(D, C)",
        "Line(J, C)",
        "Line(B, D)",
        "Line(D, A)",
        "Line(D, C)",
        "Line(D, J)",
        "Line(D, R)",
        "Line(E, D)",
        "Line(E, K)",
        "Line(F, B)",
        "Line(F, D)",
        "Line(J, C)",
        "Line(K, D)",
        "Line(R, A)",
        "Perpendicular(Line(F, D), Line(D, A))",
        "PointLiesOnLine(B, Line(F, D))",
        "PointLiesOnLine(J, Line(D, C))",
        "PointLiesOnLine(K, Line(E, D))",
        "PointLiesOnLine(R, Line(D, A))",
        "Equals(MeasureOf(Angle(K, D, B)), MeasureOf(Angle(R, D, J)))",
        "Equals(MeasureOf(Angle(K, D, B)), Mul(pi, Div(Add(Mul(3.0, x), 4.0), 180.0)))",
        "Equals(MeasureOf(Angle(R, D, J)), Mul(pi, Div(Sub(Mul(5.0, x), 10.0), 180.0)))"
    ],
    "correct": true
}