{
    "problem_id": "991",
    "solved": false,
    "problem_text": "What is the area of the shaded region?",
    "logic_forms": [],
    "point_instances": [
        "A",
        "B",
        "C",
        "D",
        "E",
        "F",
        "G",
        "H",
        "I",
        "J",
        "K",
        "L",
        "M",
        "N",
        "O",
        "P",
        "Q",
        "R",
        "S",
        "T"
    ],
    "line_instances": [
        "CA",
        "CB",
        "CD",
        "AB",
        "AD",
        "BD",
        "DG",
        "DL",
        "DP",
        "GL",
        "GP",
        "LP",
        "PN",
        "PO",
        "PM",
        "NO",
        "NM",
        "OM",
        "MF",
        "MK",
        "MC",
        "FK",
        "FC",
        "KC"
    ],
    "circle_instances": [
        "Q",
        "R",
        "S",
        "T"
    ],
    "point_positions": {
        "A": [
            99.78107142857142,
            39.34358377659575
        ],
        "B": [
            220.4935714285714,
            39.69963430851064
        ],
        "C": [
            41.716483516483514,
            39.585515548281506
        ],
        "D": [
            282.2944537815126,
            39.87765957446809
        ],
        "E": [
            162.21857142857144,
            98.03257978723404
        ],
        "F": [
            41.862857142857145,
            98.14501679731244
        ],
        "G": [
            281.95093596059115,
            99.39948642699927
        ],
        "H": [
            101.50758620689655,
            159.44515774027883
        ],
        "I": [
            221.34857142857143,
            159.51063829787236
        ],
        "J": [
            162.21857142857144,
            217.6655585106383
        ],
        "K": [
            41.862857142857145,
            217.7779955207167
        ],
        "L": [
            281.81314285714285,
            216.8585106382979
        ],
        "M": [
            42.243428571428566,
            278.7638297872341
        ],
        "N": [
            101.77714285714285,
            279.2462622196665
        ],
        "O": [
            219.12589285714284,
            279.08427526595744
        ],
        "P": [
            282.5742857142857,
            279.1436170212766
        ],
        "Q": [
            221.56931732030293,
            98.46523571718244
        ],
        "R": [
            101.5476445289403,
            98.14651604838768
        ],
        "S": [
            101.21374045801525,
            219.08396946564886
        ],
        "T": [
            222.20610687022906,
            219.08396946564883
        ]
    },
    "problem_choices": [
        28.274,
        84.823,
        113.097,
        169.646
    ],
    "choices_precise_value": [
        28.274,
        84.823,
        113.097,
        169.646
    ],
    "problem_answer": 113.097,
    "error": "Expect to have one goal, but got 0 goals: []",
    "total_time": 0.845778
}