{
    "problem_id": "6366",
    "solved": false,
    "problem_text": "If m \\angle RQT = 155, what is m \\angle RQS?",
    "logic_forms": [
        "Equals(MeasureOf(Angle(S, O, R)), 4x-20)",
        "Equals(MeasureOf(Angle(S, O, T)), 3x+14)",
        "Line(A, O)",
        "Line(A, S)",
        "Line(C, O)",
        "Line(C, R)",
        "Line(O, B)",
        "Line(O, T)",
        "Line(R, O)",
        "Line(S, O)",
        "Line(T, B)",
        "PointLiesOnLine(R, Line(C, O))",
        "PointLiesOnLine(S, Line(A, O))",
        "PointLiesOnLine(T, Line(O, B))",
        "Equals(MeasureOf(Angle(R,Q,T)),155)",
        "Find(MeasureOf(Angle(R,Q,S)))"
    ],
    "point_instances": [
        "A",
        "S",
        "B",
        "T",
        "C",
        "R",
        "O"
    ],
    "line_instances": [
        "AS",
        "AO",
        "SO",
        "OT",
        "OB",
        "TB",
        "CR",
        "CO",
        "RO"
    ],
    "circle_instances": [],
    "point_positions": {
        "A": [
            156.78712871287127,
            33.38040816326531
        ],
        "S": [
            171.5569306930693,
            78.2657142857143
        ],
        "B": [
            368.10891089108907,
            129.95673469387756
        ],
        "T": [
            331.1032531824611,
            147.45714285714286
        ],
        "C": [
            34.53861386138613,
            203.264
        ],
        "R": [
            80.66584158415841,
            203.03714285714287
        ],
        "O": [
            212.4579207920792,
            203.03714285714287
        ]
    },
    "problem_choices": [
        72.0,
        83.0,
        155.0,
        581.0
    ],
    "choices_precise_value": [
        72.0,
        83.0,
        155.0,
        581.0
    ],
    "problem_answer": 72.0,
    "error": "No coordinates found for point Q",
    "total_time": 0.63594
}