{
    "problem_id": "7066",
    "solved": true,
    "problem_text": "Find m \\angle 1.",
    "logic_forms": [
        "Equals(MeasureOf(Angle(D, C, A)), 50)",
        "Equals(MeasureOf(Angle(G, E, C)), MeasureOf(Angle(1)))",
        "Equals(MeasureOf(Angle(H, G, E)), 100)",
        "Line(A, C)",
        "Line(A, E)",
        "Line(B, C)",
        "Line(B, D)",
        "Line(C, D)",
        "Line(C, E)",
        "Line(E, G)",
        "Line(E, I)",
        "Line(F, G)",
        "Line(F, H)",
        "Line(G, H)",
        "Line(G, I)",
        "Parallel(Line(B, D), Line(F, H))",
        "PointLiesOnLine(C, Line(A, E))",
        "PointLiesOnLine(C, Line(B, D))",
        "PointLiesOnLine(G, Line(E, I))",
        "PointLiesOnLine(G, Line(F, H))",
        "Find(MeasureOf(Angle(1)))"
    ],
    "point_instances": [
        "A",
        "B",
        "C",
        "D",
        "E",
        "F",
        "G",
        "H",
        "I"
    ],
    "line_instances": [
        "BC",
        "BD",
        "CD",
        "FG",
        "FH",
        "GH",
        "EG",
        "EI",
        "GI",
        "AC",
        "AE",
        "CE"
    ],
    "circle_instances": [],
    "point_positions": {
        "A": [
            270.5021645021645,
            21.394285714285715
        ],
        "B": [
            21.40909090909091,
            103.91510204081634
        ],
        "C": [
            200.21464646464648,
            104.19809523809525
        ],
        "D": [
            413.61174242424244,
            104.29714285714286
        ],
        "E": [
            157.0,
            156.21224489795918
        ],
        "F": [
            19.709956709956714,
            247.22285714285715
        ],
        "G": [
            172.97186147186147,
            247.22285714285715
        ],
        "H": [
            413.2294372294373,
            247.22285714285715
        ],
        "I": [
            183.16666666666669,
            308.34938775510204
        ]
    },
    "problem_choices": [
        50.0,
        80.0,
        100.0,
        130.0
    ],
    "choices_precise_value": [
        50.0,
        80.0,
        100.0,
        130.0
    ],
    "problem_answer": 130.0,
    "total_time": 51.226974,
    "solution_predicate": "Equals(2.2689280276, MeasureOf(Angle(G, E, C)))",
    "proof": "Step 1:\nTheorem: Known facts\nPremises : start\nConclusions: G on EI, \u2220IGH, CG, G on FH, \u2220ECG, 3.14 = pi, \u2220CGF, \u2220DCA, \u2220IGC, pi * (100 / 180) = \u2220HGE, \u2220FGI, \u2220CGI, C on AE, C on BD, \u2220CGE, \u2220DCE, EG, \u2220GCD, \u2220BCA, \u2220HGC, CE, BD || FH, \u2220BCE, \u2220ACB, pi * (50 / 180) = \u2220DCA\n\nStep 2:\nTheorem: Vertical Angle Theorem\nPremises : G on EI, G on FH\nConclusions: \u2220FGI = \u2220HGE\n\nStep 3:\nTheorem: Circumference splited\nPremises : \u2220FGI, \u2220CGF, \u2220IGC\nConclusions: 2 * pi = \u2220CGF + \u2220FGI + \u2220IGC\n\nStep 4:\nTheorem: Vertical Angle Theorem\nPremises : C on AE, C on BD\nConclusions: \u2220BCA = \u2220DCE, \u2220BCE = \u2220DCA, \u2220ACB = \u2220ECD\n\nStep 5:\nTheorem: Straight Angle\nPremises : \u2220CGE, \u2220IGC\nConclusions: pi = \u2220CGE + \u2220IGC\n\nStep 6:\nTheorem: Circumference splited\nPremises : \u2220DCE, \u2220ECG, \u2220GCD\nConclusions: 2 * pi = \u2220DCE + \u2220ECG + \u2220GCD\n\nStep 7:\nTheorem: Reverse Angle Definition\nPremises : \u2220BCA\nConclusions: \u2220BCA = 2 * pi - \u2220ACB\n\nStep 8:\nTheorem: Circumference splited\nPremises : \u2220CGI, \u2220IGH, \u2220HGC\nConclusions: 2 * pi = \u2220CGI + \u2220HGC + \u2220IGH\n\nStep 9:\nTheorem: Definition of Triangle\nPremises : CE, EG, CG\nConclusions: \u25b3CEG\n\nStep 10:\nTheorem: Alternate Interior Angle Theorem\nPremises : BD || FH\nConclusions: \u2220CGF = \u2220GCD\n\nStep 11:\nTheorem: Circumference Split\nPremises : \u2220GCD, \u2220BCE, \u2220ACB, \u2220DCA, \u2220ECG\nConclusions: 2 * pi = \u2220ACB + \u2220BCE + \u2220DCA + \u2220ECG + \u2220GCD\n\nStep 12:\nTheorem: Transtivity of Equivalence\nPremises : pi * (100 / 180) = \u2220HGE, \u2220FGI = \u2220HGE\nConclusions: pi * (100 / 180) = \u2220FGI\n\nStep 13:\nTheorem: Transtivity of Equivalence\nPremises : pi * (50 / 180) = \u2220DCA, \u2220BCE = \u2220DCA\nConclusions: pi * (50 / 180) = \u2220BCE\n\nStep 14:\nTheorem: Substitution\nPremises : \u2220BCA = 2 * pi - \u2220ACB, \u2220BCA = \u2220DCE, 3.14 = pi, \u2220ACB = \u2220ECD\nConclusions: \u2220DCE = 2 * 3.14 - \u2220ECD\n\nStep 15:\nTheorem: Substitution\nPremises : 2 * pi = \u2220CGI + \u2220HGC + \u2220IGH, 3.14 = pi\nConclusions: 2 * 3.14 = \u2220CGI + \u2220HGC + \u2220IGH\n\nStep 16:\nTheorem: Interior Angle Sum Theorem for Triangle(G, E, C)\nPremises : \u25b3CEG\nConclusions: pi = \u2220CGE + \u2220ECG + \u2220GEC\n\nStep 17:\nTheorem: Substitution\nPremises : 2 * pi = \u2220CGF + \u2220FGI + \u2220IGC, pi * (100 / 180) = \u2220FGI, \u2220CGF = \u2220GCD, 3.14 = pi\nConclusions: 2 * 3.14 = 3.14 * (100 / 180) + \u2220GCD + \u2220IGC\n\nStep 18:\nTheorem: Substitution\nPremises : 3.14 = pi, 2 * pi = \u2220ACB + \u2220BCE + \u2220DCA + \u2220ECG + \u2220GCD, pi * (50 / 180) = \u2220DCA, pi * (50 / 180) = \u2220BCE, \u2220ACB = \u2220ECD\nConclusions: 2 * 3.14 = 3.14 * (50 / 180) + 3.14 * (50 / 180) + \u2220ECD + \u2220ECG + \u2220GCD\n\nStep 19:\nTheorem: Transtivity of Equivalence\nPremises : 2 * pi = \u2220CGI + \u2220HGC + \u2220IGH, 2 * 3.14 = \u2220CGI + \u2220HGC + \u2220IGH\nConclusions: 2 * 3.14 = 2 * pi\n\nStep 20:\nTheorem: Transtivity of Equivalence\nPremises : pi = \u2220CGE + \u2220ECG + \u2220GEC, 3.14 = pi\nConclusions: 3.14 = \u2220CGE + \u2220ECG + \u2220GEC\n\nStep 21:\nTheorem: Transtivity of Equivalence\nPremises : 2 * 3.14 = 3.14 * (100 / 180) + \u2220GCD + \u2220IGC, 2 * 3.14 = 2 * pi\nConclusions: 2 * pi = 3.14 * (100 / 180) + \u2220GCD + \u2220IGC\n\nStep 22:\nTheorem: Solve Linear Equation System\nPremises : \u2220DCE = 2 * 3.14 - \u2220ECD, 2 * 3.14 = 3.14 * (50 / 180) + 3.14 * (50 / 180) + \u2220ECD + \u2220ECG + \u2220GCD, 2 * pi = \u2220DCE + \u2220ECG + \u2220GCD, 3.14 = \u2220CGE + \u2220ECG + \u2220GEC, 2 * pi = 3.14 * (100 / 180) + \u2220GCD + \u2220IGC, pi = \u2220CGE + \u2220IGC\nConclusions: 2.27 = \u2220GEC\n\n",
    "logic_fomrs_refined": [
        "Line(B, C)",
        "Line(B, D)",
        "Line(C, D)",
        "Line(F, G)",
        "Line(F, H)",
        "Line(G, H)",
        "Line(E, G)",
        "Line(E, I)",
        "Line(G, I)",
        "Line(A, C)",
        "Line(A, E)",
        "Line(C, E)",
        "Line(A, C)",
        "Line(A, E)",
        "Line(B, C)",
        "Line(B, D)",
        "Line(C, D)",
        "Line(C, E)",
        "Line(E, G)",
        "Line(E, I)",
        "Line(F, G)",
        "Line(F, H)",
        "Line(G, H)",
        "Line(G, I)",
        "Parallel(Line(B, D), Line(F, H))",
        "PointLiesOnLine(C, Line(A, E))",
        "PointLiesOnLine(C, Line(B, D))",
        "PointLiesOnLine(G, Line(E, I))",
        "PointLiesOnLine(G, Line(F, H))",
        "Equals(MeasureOf(Angle(D, C, A)), Mul(pi, Div(50.0, 180.0)))",
        "Equals(MeasureOf(Angle(H, G, E)), Mul(pi, Div(100.0, 180.0)))"
    ],
    "correct": true
}