{
    "problem_id": "887",
    "solved": false,
    "problem_text": "m \\angle 9 = 141+x, m \\angle 10 = 25+x, find m \\angle 10.",
    "logic_forms": [
        "Equals(MeasureOf(Angle(B, C, E)), MeasureOf(Angle(9)))",
        "Equals(MeasureOf(Angle(D, C, E)), MeasureOf(Angle(1, 0)))",
        "Equals(MeasureOf(Angle(9)),141+x)",
        "Equals(MeasureOf(Angle(10)),25+x)",
        "Find(MeasureOf(Angle(10)))"
    ],
    "point_instances": [
        "A",
        "B",
        "C",
        "D",
        "E"
    ],
    "line_instances": [
        "BC",
        "BD",
        "CD",
        "EC",
        "EA",
        "CA"
    ],
    "circle_instances": [],
    "point_positions": {
        "A": [
            42.87096774193549,
            57.81947089947089
        ],
        "B": [
            23.516129032258064,
            125.33206349206348
        ],
        "C": [
            150.45967741935485,
            124.64142857142856
        ],
        "D": [
            277.7419354838709,
            125.52592592592592
        ],
        "E": [
            258.6774193548387,
            192.58757763975152
        ]
    },
    "problem_choices": [
        32.0,
        103.0,
        148.0,
        206.0
    ],
    "choices_precise_value": [
        32.0,
        103.0,
        148.0,
        206.0
    ],
    "problem_answer": 32.0,
    "error": "'10'",
    "total_time": 0.512168
}