{
    "problem_id": "5909",
    "solved": false,
    "problem_text": "Find the measure of the altitude drawn to the hypotenuse.",
    "logic_forms": [
        "Equals(LengthOf(Line(V, W)), 2)",
        "Equals(LengthOf(Line(W, T)), 13)",
        "Find(LengthOf(AltitudeOf(Triangle(V, U, T))))",
        "IsHypotenuseOf(Line(V, T), Triangle(V, U, T))",
        "Line(U, T)",
        "Line(V, T)",
        "Line(V, U)",
        "Line(V, W)",
        "Line(W, T)",
        "Line(W, U)",
        "Perpendicular(Line(V, U), Line(U, T))",
        "Perpendicular(Line(W, U), Line(V, T))",
        "PointLiesOnLine(W, Line(V, T))"
    ],
    "point_instances": [
        "U",
        "V",
        "W",
        "T"
    ],
    "line_instances": [
        "UW",
        "VU",
        "VW",
        "VT",
        "WT",
        "UT"
    ],
    "circle_instances": [],
    "point_positions": {
        "U": [
            37.010416666666664,
            143.77269841269842
        ],
        "V": [
            37.08906926406926,
            44.2126406926407
        ],
        "W": [
            70.46964285714284,
            57.34084033613446
        ],
        "T": [
            290.7591575091575,
            143.45699633699635
        ]
    },
    "problem_choices": [
        1.4142135623730951,
        2.5495097567963922,
        3.605551275463989,
        5.0990195135927845
    ],
    "choices_precise_value": [
        1.4142135623730951,
        2.5495097567963922,
        3.605551275463989,
        5.0990195135927845
    ],
    "problem_answer": 2.5495097567963922,
    "error": "Expect to have one goal, but got 0 goals: []",
    "total_time": 0.927421
}