{
    "problem_id": "4397",
    "solved": false,
    "problem_text": "Find the area of the regular polygon.",
    "logic_forms": [
        "Equals(LengthOf(Line(C, E)), )",
        "Find(AreaOf(Square(A, B, D, F)))",
        "Line(A, B)",
        "Line(A, D)",
        "Line(B, F)",
        "Line(C, E)",
        "Line(D, E)",
        "Line(D, F)",
        "Line(E, F)",
        "Perpendicular(Line(D, F), Line(C, E))",
        "PointLiesOnLine(E, Line(D, F))",
        "Square(A, B, D, F)"
    ],
    "point_instances": [
        "A",
        "B",
        "C",
        "D",
        "E",
        "F"
    ],
    "line_instances": [
        "AB",
        "BF",
        "FE",
        "FD",
        "ED",
        "DA",
        "CE"
    ],
    "circle_instances": [],
    "point_positions": {
        "A": [
            132.02479338842977,
            24.86857142857143
        ],
        "B": [
            324.3275732531931,
            24.735584415584416
        ],
        "C": [
            228.6885602435842,
            120.8012030075188
        ],
        "D": [
            132.02479338842977,
            216.50285714285715
        ],
        "E": [
            228.47623966942152,
            216.86857142857144
        ],
        "F": [
            324.56095041322317,
            216.86857142857144
        ]
    },
    "problem_choices": [
        7.0,
        9.093,
        14.0,
        28.0
    ],
    "choices_precise_value": [
        7.0,
        9.093,
        14.0,
        28.0
    ],
    "problem_answer": 28.0,
    "error": "list index out of range",
    "total_time": 0.505977
}