{
    "problem_id": "1469",
    "solved": false,
    "problem_text": "Find the area of the regular polygon.",
    "logic_forms": [
        "Equals(LengthOf(Line(D, F)), 18)",
        "Find(AreaOf(Regular(Hexagon(A, B, C, D, E, F, G))))",
        "Line(A, B)",
        "Line(A, C)",
        "Line(B, E)",
        "Line(C, F)",
        "Line(D, F)",
        "Line(E, G)",
        "Line(F, G)"
    ],
    "point_instances": [
        "A",
        "B",
        "C",
        "D",
        "E",
        "F",
        "G"
    ],
    "line_instances": [
        "AB",
        "BE",
        "EG",
        "GF",
        "FC",
        "CA",
        "FD"
    ],
    "circle_instances": [],
    "point_positions": {
        "A": [
            62.03294117647059,
            27.16594285714286
        ],
        "B": [
            158.31932773109244,
            27.077362637362636
        ],
        "C": [
            14.701080432172867,
            110.57428571428571
        ],
        "D": [
            110.35174069627851,
            110.43408163265305
        ],
        "E": [
            205.03828197945847,
            111.56783068783068
        ],
        "F": [
            62.3367139959432,
            194.07467980295567
        ],
        "G": [
            158.28197945845005,
            194.20169312169313
        ]
    },
    "problem_choices": [
        770.356,
        841.777,
        916.41,
        1122.369
    ],
    "choices_precise_value": [
        770.356,
        841.777,
        916.41,
        1122.369
    ],
    "problem_answer": 1122.369,
    "error": "Expect to have one goal, but got 0 goals: []",
    "total_time": 0.815958
}