{
    "problem_id": "8186",
    "solved": true,
    "problem_text": "Given m \\angle GFI = 128, what is the value of x?",
    "logic_forms": [
        "Equals(MeasureOf(Angle(E, F, I)), 4x)",
        "Equals(MeasureOf(Angle(G, F, E)), 9x-2)",
        "Line(A, F)",
        "Line(A, G)",
        "Line(E, C)",
        "Line(F, B)",
        "Line(F, C)",
        "Line(F, E)",
        "Line(F, I)",
        "Line(G, F)",
        "Line(I, B)",
        "PointLiesOnLine(E, Line(F, C))",
        "PointLiesOnLine(G, Line(A, F))",
        "PointLiesOnLine(I, Line(F, B))",
        "Equals(MeasureOf(Angle(G,F,I)),128)",
        "Find(x)"
    ],
    "point_instances": [
        "A",
        "G",
        "F",
        "I",
        "B",
        "E",
        "C"
    ],
    "line_instances": [
        "AG",
        "AF",
        "GF",
        "FE",
        "FC",
        "EC",
        "FI",
        "FB",
        "IB"
    ],
    "circle_instances": [],
    "point_positions": {
        "A": [
            37.483695652173914,
            46.56428571428571
        ],
        "G": [
            78.7536231884058,
            101.45714285714286
        ],
        "F": [
            158.06521739130434,
            207.13834586466163
        ],
        "I": [
            321.31159420289856,
            207.21804511278194
        ],
        "B": [
            390.40989287964715,
            207.58881987577638
        ],
        "E": [
            310.4710144927536,
            83.82016806722689
        ],
        "C": [
            363.14902331442977,
            39.503105590062106
        ]
    },
    "problem_choices": [
        4.154,
        10.0,
        14.444,
        26.0
    ],
    "choices_precise_value": [
        4.154,
        10.0,
        14.444,
        26.0
    ],
    "problem_answer": 10.0,
    "total_time": 40.255309,
    "solution_predicate": "Equals(10.0, x)",
    "proof": "Step 1:\nTheorem: Known facts\nPremises : start\nConclusions: \u2220BFE, G on AF, pi * ((9 * x - 2) / 180) = \u2220EFG, pi * ((4 * x) / 180) = \u2220IFE, \u2220CFG, \u2220GFB, \u2220IFA, I on BF, \u2220AFI, \u2220IFC, \u2220CFA, \u2220BFA, E on CF, \u2220GFI, \u2220EFG, pi * (128 / 180) = \u2220IFG, \u2220BFG, \u2220EFA, 3.14 = pi, \u2220AFB\n\nStep 2:\nTheorem: Same Angle\nPremises : G on AF, \u2220IFA\nConclusions: \u2220IFA = \u2220IFG\n\nStep 3:\nTheorem: Same Angle\nPremises : G on AF, \u2220AFI\nConclusions: \u2220AFI = \u2220GFI\n\nStep 4:\nTheorem: Same Angle\nPremises : G on AF, \u2220CFA\nConclusions: \u2220CFA = \u2220CFG\n\nStep 5:\nTheorem: Circumference splited\nPremises : \u2220CFA, \u2220AFI, \u2220IFC\nConclusions: 2 * pi = \u2220AFI + \u2220CFA + \u2220IFC\n\nStep 6:\nTheorem: Same Angle\nPremises : \u2220BFA, G on AF\nConclusions: \u2220BFA = \u2220BFG\n\nStep 7:\nTheorem: Same Angle\nPremises : I on BF, \u2220BFA\nConclusions: \u2220BFA = \u2220IFA\n\nStep 8:\nTheorem: Same Angle\nPremises : E on CF, \u2220IFC\nConclusions: \u2220IFC = \u2220IFE\n\nStep 9:\nTheorem: Same Angle\nPremises : \u2220CFA, E on CF\nConclusions: \u2220CFA = \u2220EFA\n\nStep 10:\nTheorem: Circumference splited\nPremises : \u2220GFI, \u2220CFG, \u2220IFC\nConclusions: 2 * pi = \u2220CFG + \u2220GFI + \u2220IFC\n\nStep 11:\nTheorem: Circumference splited\nPremises : \u2220BFE, \u2220EFG, \u2220GFB\nConclusions: 2 * pi = \u2220BFE + \u2220EFG + \u2220GFB\n\nStep 12:\nTheorem: Reverse Angle Definition\nPremises : \u2220BFG\nConclusions: \u2220BFG = 2 * pi - \u2220GFB\n\nStep 13:\nTheorem: Same Angle\nPremises : \u2220EFA, G on AF\nConclusions: \u2220EFA = \u2220EFG\n\nStep 14:\nTheorem: Substitution\nPremises : 3.14 = pi, pi * ((4 * x) / 180) = \u2220IFE\nConclusions: 3.14 * ((4 * x) / 180) = \u2220IFE\n\nStep 15:\nTheorem: Substitution\nPremises : pi * ((9 * x - 2) / 180) = \u2220EFG, 3.14 = pi\nConclusions: 3.14 * ((9 * x - 2) / 180) = \u2220EFG\n\nStep 16:\nTheorem: Same Angle\nPremises : \u2220AFB, G on AF\nConclusions: \u2220AFB = \u2220GFB\n\nStep 17:\nTheorem: Same Angle\nPremises : I on BF, \u2220AFB\nConclusions: \u2220AFB = \u2220AFI\n\nStep 18:\nTheorem: Transtivity of Equivalence\nPremises : pi * (128 / 180) = \u2220IFG, \u2220IFA = \u2220IFG\nConclusions: pi * (128 / 180) = \u2220IFA\n\nStep 19:\nTheorem: Transtivity of Equivalence\nPremises : \u2220BFA = \u2220BFG, \u2220BFA = \u2220IFA\nConclusions: \u2220BFG = \u2220IFA\n\nStep 20:\nTheorem: Transtivity of Equivalence\nPremises : \u2220IFC = \u2220IFE, pi * ((4 * x) / 180) = \u2220IFE\nConclusions: pi * ((4 * x) / 180) = \u2220IFC\n\nStep 21:\nTheorem: Transtivity of Equivalence\nPremises : \u2220CFA = \u2220EFA, \u2220CFA = \u2220CFG\nConclusions: \u2220CFG = \u2220EFA\n\nStep 22:\nTheorem: Substitution\nPremises : 2 * pi = \u2220BFE + \u2220EFG + \u2220GFB, 3.14 = pi\nConclusions: 2 * 3.14 = \u2220BFE + \u2220EFG + \u2220GFB\n\nStep 23:\nTheorem: Transtivity of Equivalence\nPremises : pi * ((9 * x - 2) / 180) = \u2220EFG, \u2220EFA = \u2220EFG\nConclusions: pi * ((9 * x - 2) / 180) = \u2220EFA\n\nStep 24:\nTheorem: Transtivity of Equivalence\nPremises : 3.14 * ((4 * x) / 180) = \u2220IFE, pi * ((4 * x) / 180) = \u2220IFE\nConclusions: 3.14 * ((4 * x) / 180) = pi * ((4 * x) / 180)\n\nStep 25:\nTheorem: Transtivity of Equivalence\nPremises : pi * ((9 * x - 2) / 180) = \u2220EFG, 3.14 * ((9 * x - 2) / 180) = \u2220EFG\nConclusions: 3.14 * ((9 * x - 2) / 180) = pi * ((9 * x - 2) / 180)\n\nStep 26:\nTheorem: Transtivity of Equivalence\nPremises : \u2220AFB = \u2220AFI, \u2220AFB = \u2220GFB\nConclusions: \u2220AFI = \u2220GFB\n\nStep 27:\nTheorem: Transtivity of Equivalence\nPremises : pi * (128 / 180) = \u2220IFA, \u2220BFG = \u2220IFA\nConclusions: pi * (128 / 180) = \u2220BFG\n\nStep 28:\nTheorem: Transtivity of Equivalence\nPremises : 2 * pi = \u2220BFE + \u2220EFG + \u2220GFB, 2 * 3.14 = \u2220BFE + \u2220EFG + \u2220GFB\nConclusions: 2 * 3.14 = 2 * pi\n\nStep 29:\nTheorem: Transtivity of Equivalence\nPremises : pi * ((9 * x - 2) / 180) = \u2220EFA, \u2220CFG = \u2220EFA\nConclusions: pi * ((9 * x - 2) / 180) = \u2220CFG\n\nStep 30:\nTheorem: Transtivity of Equivalence\nPremises : \u2220CFA = \u2220EFA, pi * ((9 * x - 2) / 180) = \u2220EFA\nConclusions: pi * ((9 * x - 2) / 180) = \u2220CFA\n\nStep 31:\nTheorem: Transtivity of Equivalence\nPremises : 3.14 * ((4 * x) / 180) = pi * ((4 * x) / 180), pi * ((4 * x) / 180) = \u2220IFC\nConclusions: 3.14 * ((4 * x) / 180) = \u2220IFC\n\nStep 32:\nTheorem: Substitution\nPremises : 3.14 = pi, \u2220AFI = \u2220GFB, 2 * pi = \u2220AFI + \u2220CFA + \u2220IFC\nConclusions: 2 * 3.14 = \u2220CFA + \u2220GFB + \u2220IFC\n\nStep 33:\nTheorem: Transtivity of Equivalence\nPremises : \u2220AFI = \u2220GFI, \u2220AFI = \u2220GFB\nConclusions: \u2220GFB = \u2220GFI\n\nStep 34:\nTheorem: Transtivity of Equivalence\nPremises : pi * (128 / 180) = \u2220BFG, \u2220BFG = 2 * pi - \u2220GFB\nConclusions: pi * (128 / 180) = 2 * pi - \u2220GFB\n\nStep 35:\nTheorem: Transtivity of Equivalence\nPremises : 3.14 * ((9 * x - 2) / 180) = pi * ((9 * x - 2) / 180), pi * ((9 * x - 2) / 180) = \u2220CFG\nConclusions: 3.14 * ((9 * x - 2) / 180) = \u2220CFG\n\nStep 36:\nTheorem: Transtivity of Equivalence\nPremises : 3.14 * ((9 * x - 2) / 180) = pi * ((9 * x - 2) / 180), pi * ((9 * x - 2) / 180) = \u2220CFA\nConclusions: 3.14 * ((9 * x - 2) / 180) = \u2220CFA\n\nStep 37:\nTheorem: Transtivity of Equivalence\nPremises : 2 * 3.14 = 2 * pi, 2 * 3.14 = \u2220CFA + \u2220GFB + \u2220IFC\nConclusions: 2 * pi = \u2220CFA + \u2220GFB + \u2220IFC\n\nStep 38:\nTheorem: Substitution\nPremises : 2 * pi = \u2220CFG + \u2220GFI + \u2220IFC, 3.14 = pi, \u2220GFB = \u2220GFI\nConclusions: 2 * 3.14 = \u2220CFG + \u2220GFB + \u2220IFC\n\nStep 39:\nTheorem: Solve Linear Equation System\nPremises : pi * (128 / 180) = 2 * pi - \u2220GFB, 3.14 * ((9 * x - 2) / 180) = \u2220CFA, 3.14 * ((4 * x) / 180) = \u2220IFC, 3.14 * ((9 * x - 2) / 180) = \u2220CFG, 2 * pi = \u2220CFA + \u2220GFB + \u2220IFC, 2 * 3.14 = \u2220CFG + \u2220GFB + 