{
    "problem_id": "2950",
    "solved": true,
    "problem_text": "Point D is the center of the circle. What is m \\angle A B C?",
    "logic_forms": [
        "PointLiesOnLine(F, Line(D, E))",
        "PointLiesOnLine(I, Line(A, D))",
        "PointLiesOnLine(I, Line(A, C))",
        "PointLiesOnLine(D, Line(A, C))",
        "PointLiesOnLine(D, Line(I, C))",
        "PointLiesOnLine(K, Line(B, C))",
        "PointLiesOnLine(K, Line(J, I))",
        "PointLiesOnLine(K, Line(J, F))",
        "PointLiesOnLine(I, Line(J, F))",
        "PointLiesOnLine(I, Line(K, F))",
        "PointLiesOnCircle(H, Circle(D, radius_0_0))",
        "PointLiesOnCircle(F, Circle(D, radius_0_0))",
        "PointLiesOnCircle(A, Circle(D, radius_0_0))",
        "PointLiesOnCircle(C, Circle(D, radius_0_0))",
        "PointLiesOnCircle(J, Circle(D, radius_0_0))",
        "PointLiesOnCircle(B, Circle(D, radius_0_0))",
        "Find(MeasureOf(Angle(A, B, C)))"
    ],
    "point_instances": [
        "K",
        "D",
        "B",
        "C",
        "J",
        "A",
        "F",
        "E",
        "G",
        "H",
        "I"
    ],
    "line_instances": [
        "HG",
        "FG",
        "DF",
        "DE",
        "FE",
        "DH",
        "AI",
        "AD",
        "AC",
        "ID",
        "IC",
        "DC",
        "BA",
        "BK",
        "BC",
        "KC",
        "JK",
        "JI",
        "JF",
        "KI",
        "KF",
        "IF",
        "AE"
    ],
    "circle_instances": [
        "D"
    ],
    "point_positions": {
        "K": [
            55.98290598290598,
            61.44444444444444
        ],
        "D": [
            89.95726495726497,
            81.1025641025641
        ],
        "B": [
            57.26495726495727,
            26.188034188034187
        ],
        "C": [
            53.84615384615385,
            134.73504273504275
        ],
        "J": [
            30.76923076923077,
            56.31623931623932
        ],
        "A": [
            125.64102564102565,
            29.179487179487182
        ],
        "F": [
            153.2051282051282,
            81.52991452991454
        ],
        "E": [
            222.22222222222223,
            80.67521367521368
        ],
        "G": [
            152.991452991453,
            144.7777777777778
        ],
        "H": [
            90.17094017094017,
            144.7777777777778
        ],
        "I": [
            97.43589743589745,
            69.991452991453
        ]
    },
    "problem_choices": [
        "30",
        "45",
        "60",
        "90"
    ],
    "choices_precise_value": [
        30.0,
        45.0,
        60.0,
        90.0
    ],
    "problem_answer": 90.0,
    "total_time": 328.055136,
    "solution_predicate": "Equals(1.5707963268, MeasureOf(Angle(C, B, A)))",
    "proof": "Step 1:\nTheorem: Known facts\nPremises : start\nConclusions: A on \u2299(D, radius_0_0), 3.14 = pi, \u2220CBA, D on AC, C on \u2299(D, radius_0_0), B on \u2299(D, radius_0_0), K on BC\n\nStep 2:\nTheorem: Evaluate\nPremises : 3.14 = pi\nConclusions: 1.57 = pi / 2\n\nStep 3:\nTheorem: Diameter Definition\nPremises : A on \u2299(D, radius_0_0), D on AC, C on \u2299(D, radius_0_0)\nConclusions: IsDiameterOf(AC, \u2299(D, radius_0_0))\n\nStep 4:\nTheorem: Same Angle\nPremises : \u2220CBA, K on BC\nConclusions: \u2220CBA = \u2220KBA\n\nStep 5:\nTheorem: Thales Theorem\nPremises : IsDiameterOf(AC, \u2299(D, radius_0_0)), B on \u2299(D, radius_0_0)\nConclusions: AB \u22a5 BC\n\nStep 6:\nTheorem: Perpendicular to Right Angle\nPremises : AB \u22a5 BC\nConclusions: pi / 2 = \u2220CBA\n\nStep 7:\nTheorem: Transtivity of Equivalence\nPremises : \u2220CBA = \u2220KBA, 1.57 = pi / 2, pi / 2 = \u2220CBA\nConclusions: 1.57 = \u2220KBA\n\nStep 8:\nTheorem: Transtivity of Equivalence\nPremises : \u2220CBA = \u2220KBA, 1.57 = \u2220KBA\nConclusions: 1.57 = \u2220CBA\n\n",
    "logic_fomrs_refined": [
        "Line(H, G)",
        "Line(F, G)",
        "Line(D, F)",
        "Line(D, E)",
        "Line(F, E)",
        "Line(D, H)",
        "Line(A, I)",
        "Line(A, D)",
        "Line(A, C)",
        "Line(I, D)",
        "Line(I, C)",
        "Line(D, C)",
        "Line(B, A)",
        "Line(B, K)",
        "Line(B, C)",
        "Line(K, C)",
        "Line(J, K)",
        "Line(J, I)",
        "Line(J, F)",
        "Line(K, I)",
        "Line(K, F)",
        "Line(I, F)",
        "Line(A, E)",
        "Circle(D, radius_0_0)",
        "PointLiesOnLine(F, Line(D, E))",
        "PointLiesOnLine(I, Line(A, D))",
        "PointLiesOnLine(I, Line(A, C))",
        "PointLiesOnLine(D, Line(A, C))",
        "PointLiesOnLine(D, Line(I, C))",
        "PointLiesOnLine(K, Line(B, C))",
        "PointLiesOnLine(K, Line(J, I))",
        "PointLiesOnLine(K, Line(J, F))",
        "PointLiesOnLine(I, Line(J, F))",
        "PointLiesOnLine(I, Line(K, F))",
        "PointLiesOnCircle(H, Circle(D, radius_0_0))",
        "PointLiesOnCircle(F, Circle(D, radius_0_0))",
        "PointLiesOnCircle(A, Circle(D, radius_0_0))",
        "PointLiesOnCircle(C, Circle(D, radius_0_0))",
        "PointLiesOnCircle(J, Circle(D, radius_0_0))",
        "PointLiesOnCircle(B, Circle(D, radius_0_0))"
    ],
    "correct": true
}