{
    "problem_id": "2999",
    "solved": true,
    "problem_text": "The square is circumscribed to the circle. Find the exact circumference of the circle.",
    "logic_forms": [
        "PointLiesOnLine(A, Line(H, F))",
        "PointLiesOnLine(D, Line(H, I))",
        "PointLiesOnLine(C, Line(I, G))",
        "PointLiesOnLine(E, Line(F, G))",
        "PointLiesOnCircle(A, Circle(B, radius_0_0))",
        "PointLiesOnCircle(C, Circle(B, radius_0_0))",
        "PointLiesOnCircle(D, Circle(B, radius_0_0))",
        "PointLiesOnCircle(E, Circle(B, radius_0_0))",
        "Perpendicular(Line(D, I), Line(C, I))",
        "Perpendicular(Line(A, H), Line(D, H))",
        "Perpendicular(Line(A, F), Line(E, F))",
        "Perpendicular(Line(C, G), Line(E, G))",
        "Equals(LengthOf(Line(G, F)), 14)",
        "CircumscribedTo(Square(F, G, I, H), Circle(B))",
        "Find(CircumferenceOf(Circle(B)))"
    ],
    "point_instances": [
        "A",
        "B",
        "C",
        "D",
        "E",
        "F",
        "G",
        "H",
        "I"
    ],
    "line_instances": [
        "HA",
        "HF",
        "AF",
        "HD",
        "HI",
        "DI",
        "IC",
        "IG",
        "CG",
        "FE",
        "FG",
        "EG"
    ],
    "circle_instances": [
        "B"
    ],
    "point_positions": {
        "A": [
            85.86956521739128,
            221.82608695652172
        ],
        "B": [
            257.0652173913043,
            222.36956521739128
        ],
        "C": [
            427.71739130434776,
            225.08695652173913
        ],
        "D": [
            256.52173913043475,
            51.17391304347826
        ],
        "E": [
            258.15217391304344,
            393.02173913043475
        ],
        "F": [
            84.2391304347826,
            393.02173913043475
        ],
        "G": [
            427.71739130434776,
            392.4782608695652
        ],
        "H": [
            85.32608695652172,
            51.17391304347826
        ],
        "I": [
            426.63043478260863,
            49.0
        ]
    },
    "problem_choices": [
        "7 \\pi",
        "14 \\pi",
        "21 \\pi",
        "28 \\pi"
    ],
    "choices_precise_value": [
        21.991148575128552,
        43.982297150257104,
        65.97344572538566,
        87.96459430051421
    ],
    "problem_answer": 43.982297150257104,
    "total_time": 825.326006,
    "solution_predicate": "Equals(43.9822971504, CircumferenceOf(Circle(B, radius_0_0)))",
    "proof": "Step 1:\nTheorem: Known facts\nPremises : start\nConclusions: BC, EF, CG, 3.14 = pi, AF \u22a5 EF, EG \u22a5 GI, CG \u22a5 FG, Circumference(\u2299(B, radius_0_0)), AF, E on \u2299(B, radius_0_0), 14 = FG, AB, BE, CG \u22a5 EG, E on FG, CircumscribedTo(Square(F, G, I, H), \u2299(B, radius_0_0)), FG \u22a5 FH, EG\n\nStep 2:\nTheorem: Circle Circumference Formula\nPremises : Circumference(\u2299(B, radius_0_0))\nConclusions: pi * 2 * radius_0_0 = Circumference(\u2299(B, radius_0_0))\n\nStep 3:\nTheorem: Point On Circle Def\nPremises : E on \u2299(B, radius_0_0)\nConclusions: radius_0_0 = BE\n\nStep 4:\nTheorem: Line Segment Split\nPremises : E on FG\nConclusions: FG = EF + EG\n\nStep 5:\nTheorem: Properties of Quadrilateral Circumscribed to Circle\nPremises : CircumscribedTo(Square(F, G, I, H), \u2299(B, radius_0_0))\nConclusions: AB \u22a5 FH, \u25b3BCG \u2245 \u25b3BEG, BC \u22a5 GI, \u25b3ABF \u2245 \u25b3EBF, BE \u22a5 FG\n\nStep 6:\nTheorem: Transtivity of Equivalence\nPremises : 14 = FG, FG = EF + EG\nConclusions: 14 = EF + EG\n\nStep 7:\nTheorem: Perpendicular Extension\nPremises : AB \u22a5 FH\nConclusions: AB \u22a5 AF\n\nStep 8:\nTheorem: Perpendicular to Parallel\nPremises : AB \u22a5 FH, FG \u22a5 FH\nConclusions: AB || FG\n\nStep 9:\nTheorem: Congruent Definition\nPremises : \u25b3BCG \u2245 \u25b3BEG\nConclusions: BC = BE, CG = EG\n\nStep 10:\nTheorem: Perpendicular Extension\nPremises : BC \u22a5 GI\nConclusions: BC \u22a5 CG\n\nStep 11:\nTheorem: Congruent Definition\nPremises : \u25b3ABF \u2245 \u25b3EBF\nConclusions: AF = EF, AB = BE\n\nStep 12:\nTheorem: Perpendicular Extension\nPremises : BE \u22a5 FG\nConclusions: BE \u22a5 EG\n\nStep 13:\nTheorem: Perpendicular to Parallel\nPremises : BE \u22a5 FG, FG \u22a5 FH\nConclusions: BE || HF\n\nStep 14:\nTheorem: Perpendicular to Parallel\nPremises : CG \u22a5 FG, BC \u22a5 CG\nConclusions: BC || FG\n\nStep 15:\nTheorem: Perpendicular to Parallel\nPremises : EG \u22a5 GI, BE \u22a5 EG\nConclusions: BE || IG\n\nStep 16:\nTheorem: Perpendicular Extension\nPremises : BE \u22a5 EG\nConclusions: BE \u22a5 EF\n\nStep 17:\nTheorem: Definition of Square\nPremises : BE || IG, BC \u22a5 CG, CG, CG \u22a5 EG, BC, BE \u22a5 EG, BC = BE, EG, BC || FG, CG = EG, BE\nConclusions: Square(B, C, G, E)\n\nStep 18:\nTheorem: Definition of Square\nPremises : AB, AF, AF = EF, AF \u22a5 EF, AB \u22a5 AF, AB || FG, BE \u22a5 EF, BE, EF, BE || HF, AB = BE\nConclusions: Square(A, B, E, F)\n\nStep 19:\nTheorem: Square is Rhombus\nPremises : Square(B, C, G, E)\nConclusions: Rhombus(B, C, G, E)\n\nStep 20:\nTheorem: Square is Rhombus\nPremises : Square(A, B, E, F)\nConclusions: Rhombus(A, B, E, F)\n\nStep 21:\nTheorem: Rhombus has Neighbor Sides Equal\nPremises : Rhombus(B, C, G, E)\nConclusions: BE = EG\n\nStep 22:\nTheorem: Rhombus has Neighbor Sides Equal\nPremises : Rhombus(A, B, E, F)\nConclusions: BE = EF\n\nStep 23:\nTheorem: Solve Linear Equation System\nPremises : BE = EF, BE = EG, 14 = EF + EG\nConclusions: 7 = BE\n\nStep 24:\nTheorem: Transtivity of Equivalence\nPremises : 7 = BE, radius_0_0 = BE\nConclusions: 7 = radius_0_0\n\nStep 25:\nTheorem: Evaluate\nPremises : 7 = radius_0_0, 3.14 = pi\nConclusions: 43.98 = pi * 2 * radius_0_0\n\nStep 26:\nTheorem: Transtivity of Equivalence\nPremises : 43.98 = pi * 2 * radius_0_0, pi * 2 * radius_0_0 = Circumference(\u2299(B, radius_0_0))\nConclusions: 43.98 = Circumference(\u2299(B, radius_0_0))\n\n",
    "logic_fomrs_refined": [
        "Line(H, A)",
        "Line(H, F)",
        "Line(A, F)",
        "Line(H, D)",
        "Line(H, I)",
        "Line(D, I)",
        "Line(I, C)",
        "Line(I, G)",
        "Line(C, G)",
        "Line(F, E)",
        "Line(F, G)",
        "Line(E, G)",
        "Circle(B, radius_0_0)",
        "PointLiesOnLine(A, Line(H, F))",
        "PointLiesOnLine(D, Line(H, I))",
        "PointLiesOnLine(C, Line(I, G))",
        "PointLiesOnLine(E, Line(F, G))",
        "PointLiesOnCircle(A, Circle(B, radius_0_0))",
        "PointLiesOnCircle(C, Circle(B, radius_0_0))",
        "PointLiesOnCircle(D, Circle(B, radius_0_0))",
        "PointLiesOnCircle(E, Circle(B, radius_0_0))",
        "Perpendicular(Line(D, I), Line(C, I))",
        "Perpendicular(Line(A, H), Line(D, H))",
        "Perpendicular(Line(A, F), Line(E, F))",
        "Perpendicular(Line(C, G), Line(E, G))",
        "CircumscribedTo(Square(F, G, I, H), Circle(B, radius_0_0))",
        "Equals(LengthOf(Line(G, F)), 14.0)"
    ],
    "correct": true
}