{
    "problem_id": "2636",
    "solved": true,
    "problem_text": "Find the value of the variable x in the figure.",
    "logic_forms": [
        "PointLiesOnLine(E, Line(C, G))",
        "PointLiesOnLine(D, Line(A, E))",
        "PointLiesOnLine(D, Line(A, F))",
        "PointLiesOnLine(E, Line(A, F))",
        "PointLiesOnLine(E, Line(D, F))",
        "PointLiesOnLine(D, Line(B, H))",
        "Parallel(Line(B, H), Line(C, G))",
        "Equals(MeasureOf(Angle(G, E, F)), 55)",
        "Equals(MeasureOf(Angle(E, D, B)), y)",
        "Equals(MeasureOf(Angle(G, E, D)), x)",
        "Find(x)"
    ],
    "point_instances": [
        "A",
        "B",
        "C",
        "D",
        "E",
        "F",
        "G",
        "H"
    ],
    "line_instances": [
        "CE",
        "CG",
        "EG",
        "AD",
        "AE",
        "AF",
        "DE",
        "DF",
        "EF",
        "BD",
        "BH",
        "DH"
    ],
    "circle_instances": [],
    "point_positions": {
        "A": [
            30.358024691358025,
            27.160493827160494
        ],
        "B": [
            18.012345679012345,
            115.74074074074073
        ],
        "C": [
            18.012345679012345,
            238.88888888888889
        ],
        "D": [
            104.74074074074073,
            99.07407407407406
        ],
        "E": [
            213.69135802469134,
            204.62962962962962
        ],
        "F": [
            277.88888888888886,
            267.28395061728395
        ],
        "G": [
            346.71604938271605,
            181.48148148148147
        ],
        "H": [
            347.3333333333333,
            56.48148148148148
        ]
    },
    "problem_choices": [
        "55",
        "115",
        "125",
        "135"
    ],
    "choices_precise_value": [
        55.0,
        115.0,
        125.0,
        135.0
    ],
    "problem_answer": 125.0,
    "total_time": 34.111207,
    "solution_predicate": "Equals(125.0, x)",
    "proof": "Step 1:\nTheorem: Known facts\nPremises : start\nConclusions: \u2220FEG, pi * (55 / 180) = \u2220FEG, 3.14 = pi, pi * (x / 180) = \u2220GED, \u2220GED\n\nStep 2:\nTheorem: Substitution\nPremises : pi * (x / 180) = \u2220GED, 3.14 = pi\nConclusions: 3.14 * (x / 180) = \u2220GED\n\nStep 3:\nTheorem: Straight Angle\nPremises : \u2220GED, \u2220FEG\nConclusions: pi = \u2220FEG + \u2220GED\n\nStep 4:\nTheorem: Substitution\nPremises : pi = \u2220FEG + \u2220GED, pi * (55 / 180) = \u2220FEG, 3.14 = pi\nConclusions: 3.14 = 3.14 * (55 / 180) + \u2220GED\n\nStep 5:\nTheorem: Solve Linear Equation System\nPremises : 3.14 * (x / 180) = \u2220GED, 3.14 = 3.14 * (55 / 180) + \u2220GED\nConclusions: 125 = x\n\n",
    "logic_fomrs_refined": [
        "Line(C, E)",
        "Line(C, G)",
        "Line(E, G)",
        "Line(A, D)",
        "Line(A, E)",
        "Line(A, F)",
        "Line(D, E)",
        "Line(D, F)",
        "Line(E, F)",
        "Line(B, D)",
        "Line(B, H)",
        "Line(D, H)",
        "PointLiesOnLine(E, Line(C, G))",
        "PointLiesOnLine(D, Line(A, E))",
        "PointLiesOnLine(D, Line(A, F))",
        "PointLiesOnLine(E, Line(A, F))",
        "PointLiesOnLine(E, Line(D, F))",
        "PointLiesOnLine(D, Line(B, H))",
        "Parallel(Line(B, H), Line(C, G))",
        "Equals(MeasureOf(Angle(F, E, G)), Mul(pi, Div(55.0, 180.0)))",
        "Equals(MeasureOf(Angle(B, D, E)), Mul(pi, Div(y, 180.0)))",
        "Equals(MeasureOf(Angle(G, E, D)), Mul(pi, Div(x, 180.0)))"
    ],
    "correct": true
}