{
    "problem_id": "2871",
    "solved": false,
    "problem_text": "Find the area of the kite.",
    "logic_forms": [
        "Equals(LengthOf(Line(D, C)), 32)",
        "Equals(LengthOf(Line(E, C)), 21)",
        "Find(AreaOf(Kite(A, B, C, D)))",
        "PointLiesOnLine(C, Line(A, D))",
        "PointLiesOnLine(C, Line(B, E))"
    ],
    "point_instances": [
        "A",
        "B",
        "C",
        "D",
        "E"
    ],
    "line_instances": [
        "AC",
        "AD",
        "CD",
        "BC",
        "BE",
        "CE",
        "AB",
        "BD",
        "AE",
        "DE"
    ],
    "circle_instances": [],
    "point_positions": {
        "A": [
            15.345403899721447,
            105.01392757660167
        ],
        "B": [
            102.53203342618386,
            31.754874651810585
        ],
        "C": [
            103.0891364902507,
            104.45682451253482
        ],
        "D": [
            188.0473537604457,
            104.73537604456826
        ],
        "E": [
            102.53203342618386,
            221.1699164345404
        ]
    },
    "problem_choices": [
        "168",
        "336",
        "672",
        "1344"
    ],
    "choices_precise_value": [
        168.0,
        336.0,
        672.0,
        1344.0
    ],
    "problem_answer": 336.0,
    "error": "'pop from an empty set'",
    "total_time": 2.850371
}