{
    "problem_id": "2545",
    "solved": false,
    "problem_text": "Find the area of the shaded region. Round to the nearest tenth.",
    "logic_forms": [],
    "point_instances": [
        "A",
        "B",
        "C",
        "D",
        "E",
        "F",
        "G",
        "H"
    ],
    "line_instances": [
        "AB",
        "AC",
        "AD",
        "BC",
        "BD",
        "CD"
    ],
    "circle_instances": [
        "E",
        "F",
        "G",
        "H"
    ],
    "point_positions": {
        "A": [
            16.52173913043478,
            172.56521739130434
        ],
        "B": [
            126.08695652173913,
            172.56521739130434
        ],
        "C": [
            235.07246376811594,
            173.14492753623188
        ],
        "D": [
            345.7971014492753,
            173.14492753623188
        ],
        "E": [
            290.4347826086957,
            172.27536231884056
        ],
        "F": [
            181.26811594202897,
            172.18115942028987
        ],
        "G": [
            70.72463768115942,
            172.2753623188406
        ],
        "H": [
            181.44927536231884,
            173.14492753623188
        ]
    },
    "problem_choices": [
        "29.5",
        "58.9",
        "147.3",
        "589.0"
    ],
    "choices_precise_value": [
        29.5,
        58.9,
        147.3,
        589.0
    ],
    "problem_answer": 58.9,
    "error": "Expect to have one goal, but got 0 goals: []",
    "total_time": 0.705777
}