{
    "problem_id": "2933",
    "solved": true,
    "problem_text": "Find m \\angle 1.",
    "logic_forms": [
        "PointLiesOnLine(G, Line(A, D))",
        "PointLiesOnLine(G, Line(F, C))",
        "PointLiesOnLine(G, Line(E, B))",
        "Perpendicular(Line(D, G), Line(E, G))",
        "Equals(MeasureOf(Angle(A, G, F)), MeasureOf(angle 2))",
        "Equals(MeasureOf(Angle(F, G, E)), MeasureOf(angle 1))",
        "Equals(MeasureOf(Angle(D, G, C)), 37)",
        "Find(MeasureOf(Angle(1)))"
    ],
    "point_instances": [
        "A",
        "B",
        "C",
        "D",
        "E",
        "F",
        "G"
    ],
    "line_instances": [
        "AG",
        "AD",
        "GD",
        "FG",
        "FC",
        "GC",
        "EG",
        "EB",
        "GB"
    ],
    "circle_instances": [],
    "point_positions": {
        "A": [
            42.377260981912144,
            196.12403100775194
        ],
        "B": [
            222.22222222222223,
            228.68217054263565
        ],
        "C": [
            314.4702842377261,
            125.32299741602067
        ],
        "D": [
            286.3049095607235,
            49.09560723514212
        ],
        "E": [
            95.60723514211887,
            19.121447028423773
        ],
        "F": [
            17.571059431524546,
            125.32299741602067
        ],
        "G": [
            159.94832041343668,
            125.06459948320413
        ]
    },
    "problem_choices": [
        "37",
        "45",
        "53",
        "63"
    ],
    "choices_precise_value": [
        37.0,
        45.0,
        53.0,
        63.0
    ],
    "problem_answer": 53.0,
    "total_time": 33.672592,
    "solution_predicate": "Equals(0.9250245036, MeasureOf(Angle(E, G, F)))",
    "proof": "Step 1:\nTheorem: Known facts\nPremises : start\nConclusions: \u2220BGC, \u2220EGA, DG \u22a5 EG, \u2220FGB, 3.14 = pi, \u2220BGD, G on BE, \u2220DGE, pi * (37 / 180) = \u2220CGD, \u2220CGE, \u2220FGD, \u2220EGF, \u2220CGA, AG \u22a5 BG, \u2220FGA, \u2220CGD, \u2220DGF, AG \u22a5 EG, G on AD, \u2220AGB, G on CF, \u2220AGC\n\nStep 2:\nTheorem: Perpendicular to Right Angle\nPremises : DG \u22a5 EG\nConclusions: pi / 2 = \u2220DGE\n\nStep 3:\nTheorem: Straight Angle\nPremises : \u2220BGD, \u2220DGE\nConclusions: pi = \u2220BGD + \u2220DGE\n\nStep 4:\nTheorem: Circumference splited\nPremises : \u2220FGD, \u2220EGF, \u2220DGE\nConclusions: 2 * pi = \u2220DGE + \u2220EGF + \u2220FGD\n\nStep 5:\nTheorem: Perpendicular to Right Angle\nPremises : AG \u22a5 BG\nConclusions: pi / 2 = \u2220AGB\n\nStep 6:\nTheorem: Circumference splited\nPremises : \u2220BGD, \u2220DGF, \u2220FGB\nConclusions: 2 * pi = \u2220BGD + \u2220DGF + \u2220FGB\n\nStep 7:\nTheorem: Perpendicular to Right Angle\nPremises : AG \u22a5 EG\nConclusions: pi / 2 = \u2220EGA\n\nStep 8:\nTheorem: Circumference splited\nPremises : \u2220AGB, \u2220CGA, \u2220BGC\nConclusions: 2 * pi = \u2220AGB + \u2220BGC + \u2220CGA\n\nStep 9:\nTheorem: Circumference Split\nPremises : \u2220BGC, \u2220AGB, \u2220FGA, \u2220CGD, \u2220DGE, \u2220EGF\nConclusions: 2 * pi = \u2220AGB + \u2220BGC + \u2220CGD + \u2220DGE + \u2220EGF + \u2220FGA\n\nStep 10:\nTheorem: Vertical Angle Theorem\nPremises : G on CF, G on AD\nConclusions: \u2220CGD = \u2220FGA, \u2220CGA = \u2220FGD, \u2220AGC = \u2220DGF\n\nStep 11:\nTheorem: Vertical Angle Theorem\nPremises : G on CF, G on BE\nConclusions: \u2220BGC = \u2220EGF, \u2220CGE = \u2220FGB\n\nStep 12:\nTheorem: Circumference splited\nPremises : \u2220EGA, \u2220CGE, \u2220AGC\nConclusions: 2 * pi = \u2220AGC + \u2220CGE + \u2220EGA\n\nStep 13:\nTheorem: Transtivity of Equivalence\nPremises : 3.14 = pi, pi = \u2220BGD + \u2220DGE\nConclusions: 3.14 = \u2220BGD + \u2220DGE\n\nStep 14:\nTheorem: Transtivity of Equivalence\nPremises : \u2220CGD = \u2220FGA, pi * (37 / 180) = \u2220CGD\nConclusions: pi * (37 / 180) = \u2220FGA\n\nStep 15:\nTheorem: Substitution\nPremises : \u2220BGC = \u2220EGF, \u2220CGA = \u2220FGD, pi / 2 = \u2220AGB, 3.14 = pi, 2 * pi = \u2220AGB + \u2220BGC + \u2220CGA\nConclusions: 2 * 3.14 = pi / 2 + \u2220EGF + \u2220FGD\n\nStep 16:\nTheorem: Substitution\nPremises : pi / 2 = \u2220EGA, \u2220CGE = \u2220FGB, \u2220AGC = \u2220DGF, 2 * pi = \u2220AGC + \u2220CGE + \u2220EGA, 3.14 = pi\nConclusions: 2 * 3.14 = pi / 2 + \u2220DGF + \u2220FGB\n\nStep 17:\nTheorem: Substitution\nPremises : 3.14 = pi, \u2220BGC = \u2220EGF, pi / 2 = \u2220DGE, pi * (37 / 180) = \u2220CGD, 2 * pi = \u2220AGB + \u2220BGC + \u2220CGD + \u2220DGE + \u2220EGF + \u2220FGA, pi * (37 / 180) = \u2220FGA, pi / 2 = \u2220AGB\nConclusions: 2 * 3.14 = 3.14 / 2 + pi / 2 + 3.14 * (37 / 180) + pi * (37 / 180) + \u2220EGF + \u2220EGF\n\nStep 18:\nTheorem: Solve Linear Equation System\nPremises : 2 * 3.14 = pi / 2 + \u2220EGF + \u2220FGD, 2 * 3.14 = pi / 2 + \u2220DGF + \u2220FGB, 3.14 = \u2220BGD + \u2220DGE, 2 * pi = \u2220DGE + \u2220EGF + \u2220FGD, 2 * 3.14 = 3.14 / 2 + pi / 2 + 3.14 * (37 / 180) + pi * (37 / 180) + \u2220EGF + \u2220EGF, 2 * pi = \u2220BGD + \u2220DGF + \u2220FGB\nConclusions: 0.93 = \u2220EGF\n\n",
    "logic_fomrs_refined": [
        "Line(A, G)",
        "Line(A, D)",
        "Line(G, D)",
        "Line(F, G)",
        "Line(F, C)",
        "Line(G, C)",
        "Line(E, G)",
        "Line(E, B)",
        "Line(G, B)",
        "PointLiesOnLine(G, Line(A, D))",
        "PointLiesOnLine(G, Line(F, C))",
        "PointLiesOnLine(G, Line(E, B))",
        "Perpendicular(Line(D, G), Line(E, G))",
        "Equals(MeasureOf(Angle(C, G, D)), Mul(pi, Div(37.0, 180.0)))"
    ],
    "correct": true
}