{
    "problem_id": "2992",
    "solved": false,
    "problem_text": "Find the measure of m \\angle 2. Assume that segments that appear tangent are tangent.",
    "logic_forms": [
        "Find(MeasureOf(Angle(2)))",
        "Tangent(Line(A, E), Circle(J, radius_0_0))"
    ],
    "point_instances": [
        "A",
        "B",
        "C",
        "D",
        "E",
        "F",
        "G",
        "H",
        "I",
        "J"
    ],
    "line_instances": [
        "AD",
        "AE",
        "AG",
        "AH",
        "DE",
        "DG",
        "DH",
        "EG",
        "EH",
        "GH",
        "BC",
        "BE",
        "BF",
        "BI",
        "CE",
        "CF",
        "CI",
        "EF",
        "EI",
        "FI"
    ],
    "circle_instances": [
        "J"
    ],
    "point_positions": {
        "A": [
            8.131313131313135,
            100.75757575757576
        ],
        "B": [
            15.454545454545453,
            64.14141414141415
        ],
        "C": [
            74.54545454545455,
            87.12121212121212
        ],
        "D": [
            69.24242424242425,
            99.24242424242425
        ],
        "E": [
            103.58585858585857,
            98.98989898989899
        ],
        "F": [
            204.59595959595958,
            139.3939393939394
        ],
        "G": [
            204.0909090909091,
            96.96969696969697
        ],
        "H": [
            252.82828282828285,
            96.46464646464646
        ],
        "I": [
            242.97979797979798,
            154.54545454545456
        ],
        "J": [
            137.00505050505052,
            119.98484848484847
        ]
    },
    "problem_choices": [
        "85",
        "157.5",
        "230",
        "315"
    ],
    "choices_precise_value": [
        85.0,
        157.5,
        230.0,
        315.0
    ],
    "problem_answer": 157.5,
    "error": "'2'",
    "total_time": 0.491417
}