{
    "problem_id": "2564",
    "solved": false,
    "problem_text": "Find the area of the shaded region. Round to the nearest tenth.",
    "logic_forms": [],
    "point_instances": [
        "A",
        "B",
        "C",
        "D",
        "E",
        "F",
        "G",
        "H",
        "I",
        "J",
        "K",
        "L",
        "M"
    ],
    "line_instances": [
        "AC",
        "AB",
        "CB",
        "KE",
        "KF",
        "KL",
        "EF",
        "EL",
        "FL",
        "LG",
        "LM",
        "GM",
        "JI",
        "JH",
        "JM",
        "IH",
        "IM",
        "HM",
        "KD",
        "KJ",
        "DJ"
    ],
    "circle_instances": [
        "B",
        "A"
    ],
    "point_positions": {
        "A": [
            62.29838709677419,
            67.45967741935483
        ],
        "B": [
            152.6209677419355,
            67.25806451612904
        ],
        "C": [
            106.85483870967742,
            67.25806451612904
        ],
        "D": [
            16.935483870967744,
            67.25806451612904
        ],
        "E": [
            62.29838709677419,
            22.701612903225808
        ],
        "F": [
            152.21774193548387,
            22.5
        ],
        "G": [
            196.7741935483871,
            66.65322580645162
        ],
        "H": [
            154.03225806451613,
            112.62096774193549
        ],
        "I": [
            61.29032258064516,
            112.01612903225806
        ],
        "J": [
            16.935483870967744,
            111.81451612903226
        ],
        "K": [
            17.54032258064516,
            22.5
        ],
        "L": [
            196.3709677419355,
            22.096774193548384
        ],
        "M": [
            197.17741935483872,
            112.01612903225806
        ]
    },
    "problem_choices": [
        "10.7",
        "19.6",
        "30.4",
        "50.0"
    ],
    "choices_precise_value": [
        10.7,
        19.6,
        30.4,
        50.0
    ],
    "problem_answer": 10.7,
    "error": "Expect to have one goal, but got 0 goals: []",
    "total_time": 0.741991
}