{
    "problem_id": "2503",
    "solved": false,
    "problem_text": "Find the area of the shaded region. ",
    "logic_forms": [],
    "point_instances": [
        "A",
        "B",
        "C",
        "D"
    ],
    "line_instances": [
        "AD",
        "AC",
        "DC",
        "BC",
        "BA"
    ],
    "circle_instances": [
        "D"
    ],
    "point_positions": {
        "A": [
            18.421633554083883,
            101.32450331125827
        ],
        "B": [
            62.350993377483434,
            32.22958057395143
        ],
        "C": [
            180.0110375275938,
            101.32450331125827
        ],
        "D": [
            98.11258278145695,
            105.51876379690948
        ]
    },
    "problem_choices": [
        "35.2",
        "43.2",
        "53.5",
        "56.9"
    ],
    "choices_precise_value": [
        35.2,
        43.2,
        53.5,
        56.9
    ],
    "problem_answer": 56.9,
    "error": "Expect to have one goal, but got 0 goals: []",
    "total_time": 0.369373
}