{
    "problem_id": "2700",
    "solved": false,
    "problem_text": "Find the area of the figure. Round to the nearest tenth if necessary.",
    "logic_forms": [],
    "point_instances": [
        "A",
        "B",
        "C",
        "D"
    ],
    "line_instances": [
        "CD",
        "DA",
        "BA",
        "CB",
        "CA"
    ],
    "circle_instances": [],
    "point_positions": {
        "A": [
            263.3921568627451,
            181.8627450980392
        ],
        "B": [
            262.9019607843137,
            38.48039215686274
        ],
        "C": [
            15.107843137254903,
            38.72549019607843
        ],
        "D": [
            15.59803921568627,
            181.61764705882354
        ]
    },
    "problem_choices": [
        "75",
        "112.5",
        "129.9",
        "225"
    ],
    "choices_precise_value": [
        75.0,
        112.5,
        129.9,
        225.0
    ],
    "problem_answer": 129.9,
    "error": "Expect to have one goal, but got 0 goals: []",
    "total_time": 0.517326
}