{
    "problem_id": "2642",
    "solved": false,
    "problem_text": "Find x. Round to the nearest tenth if necessary. Assume that segments that appear to be tangent are tangent.",
    "logic_forms": [],
    "point_instances": [
        "A",
        "B",
        "C",
        "D",
        "E",
        "F"
    ],
    "line_instances": [
        "AB",
        "AC",
        "BC",
        "EB",
        "ED",
        "BD"
    ],
    "circle_instances": [
        "F"
    ],
    "point_positions": {
        "A": [
            31.17391304347825,
            152.82608695652172
        ],
        "B": [
            135.9565217391304,
            52.39130434782608
        ],
        "C": [
            152.91304347826085,
            36.086956521739125
        ],
        "D": [
            180.7391304347826,
            82.39130434782608
        ],
        "E": [
            83.99999999999999,
            17.82608695652174
        ],
        "F": [
            98.7608695652174,
            100.80434782608695
        ]
    },
    "problem_choices": [
        "2",
        "4",
        "5",
        "9"
    ],
    "choices_precise_value": [
        2.0,
        4.0,
        5.0,
        9.0
    ],
    "problem_answer": 2.0,
    "error": "Expect to have one goal, but got 0 goals: []",
    "total_time": 0.580116
}