{
    "problem_id": "2702",
    "solved": false,
    "problem_text": "In \\triangle P Q R, Z Q = 3 a - 11, Z P = a + 5, P Y = 2 c - 1, Y R = 4 c - 11, m \\angle P R Z = 4 b - 17, m \\angle Z R Q = 3 b - 4, m \\angle Q Y R = 7 b + 6, and m \\angle P X R = 2 a + 10. If R Z is an angle bisector, find m \\angle P R Z.",
    "logic_forms": [
        "BisectsAngle(Line(R,Z),Angle(P,R,Q))",
        "Equals(LengthOf(Line(P,Y)),2c-1)",
        "Equals(LengthOf(Line(Y,R)),4c-11)",
        "Equals(LengthOf(Line(Z,P)),a+5)",
        "Equals(LengthOf(Line(Z,Q)),3a-11)",
        "Equals(MeasureOf(Angle(P,R,Z)),4b-17)",
        "Equals(MeasureOf(Angle(P,X,R)),2a+10)",
        "Equals(MeasureOf(Angle(Q,Y,R)),7b+6)",
        "Equals(MeasureOf(Angle(Z,R,Q)),3b-4)",
        "Find(MeasureOf(Angle(P,R,Z)))",
        "Triangle(P,Q,R)"
    ],
    "point_instances": [
        "R",
        "P",
        "X",
        "Z",
        "Y",
        "Q",
        "A",
        "B",
        "C"
    ],
    "line_instances": [
        "PA",
        "PB",
        "PX",
        "AB",
        "AX",
        "BX",
        "ZA",
        "ZC",
        "ZR",
        "AC",
        "AR",
        "CR",
        "PZ",
        "PQ",
        "ZQ",
        "QX",
        "QR",
        "XR",
        "PY",
        "PR",
        "YR",
        "QB",
        "QC",
        "QY",
        "BC",
        "BY",
        "CY"
    ],
    "circle_instances": [],
    "point_positions": {
        "R": [
            246.14814814814815,
            290.0
        ],
        "P": [
            42.44444444444443,
            126.29629629629629
        ],
        "X": [
            156.88888888888886,
            63.7037037037037
        ],
        "Z": [
            96.14814814814812,
            85.55555555555554
        ],
        "Y": [
            142.8148148148148,
            207.4074074074074
        ],
        "Q": [
            149.85185185185185,
            47.03703703703703
        ],
        "A": [
            101.33333333333331,
            93.7037037037037
        ],
        "B": [
            149.1111111111111,
            67.4074074074074
        ],
        "C": [
            145.77777777777777,
            152.96296296296296
        ]
    },
    "problem_choices": [
        "20",
        "25",
        "30",
        "35"
    ],
    "choices_precise_value": [
        20.0,
        25.0,
        30.0,
        35.0
    ],
    "problem_answer": 35.0,
    "error": "Timeout after 1800.0 seconds (limit: 1800s)",
    "total_time": 1800.00442
}