{
    "problem_id": "2685",
    "solved": false,
    "problem_text": "Find y so that the quadrilateral is a parallelogram.",
    "logic_forms": [],
    "point_instances": [
        "T",
        "P",
        "R",
        "Q",
        "S"
    ],
    "line_instances": [
        "QT",
        "QS",
        "TS",
        "RT",
        "RP",
        "TP",
        "QP",
        "RQ",
        "SP",
        "RS"
    ],
    "circle_instances": [],
    "point_positions": {
        "T": [
            156.3193717277487,
            125.6544502617801
        ],
        "P": [
            213.64921465968584,
            198.42931937172773
        ],
        "R": [
            99.5130890052356,
            52.879581151832454
        ],
        "Q": [
            43.23036649214659,
            198.69109947643977
        ],
        "S": [
            269.6701570680628,
            52.09424083769633
        ]
    },
    "problem_choices": [
        "4",
        "16",
        "20",
        "24"
    ],
    "choices_precise_value": [
        4.0,
        16.0,
        20.0,
        24.0
    ],
    "problem_answer": 4.0,
    "error": "Expect to have one goal, but got 0 goals: []",
    "total_time": 0.613693
}