{
    "problem_id": "2861",
    "solved": false,
    "problem_text": "In the figure, line l is parallel to line m. Line n intersects both l and m. Which of the following lists includes all of the angles that are supplementary to \\angle 1?",
    "logic_forms": [
        "Angle(1)",
        "IntersectAt(Line(n),Line(l),Point(C))",
        "IntersectAt(Line(n),Line(m),Point(F))",
        "Parallel(Line(l),Line(m))"
    ],
    "point_instances": [
        "A",
        "B",
        "C",
        "D",
        "E",
        "F",
        "G",
        "H"
    ],
    "line_instances": [
        "AC",
        "AF",
        "AH",
        "CF",
        "CH",
        "FH",
        "BC",
        "BD",
        "CD",
        "EF",
        "EG",
        "FG"
    ],
    "circle_instances": [],
    "point_positions": {
        "A": [
            15.005847953216374,
            126.90058479532163
        ],
        "B": [
            111.78947368421053,
            21.34502923976608
        ],
        "C": [
            111.78947368421053,
            139.47368421052633
        ],
        "D": [
            111.49707602339181,
            266.37426900584796
        ],
        "E": [
            265.8830409356725,
            19.883040935672515
        ],
        "F": [
            265.5906432748538,
            158.7719298245614
        ],
        "G": [
            266.17543859649123,
            267.5438596491228
        ],
        "H": [
            353.01754385964915,
            169.2982456140351
        ]
    },
    "problem_choices": [
        "angles 2,3, 6, and 7",
        "angles 2,3, and 4",
        "angles 3,4, 7, and 8",
        "angles 4,5, and 8"
    ],
    "choices_precise_value": [
        "angles 2,3, 6, and 7",
        "angles 2,3, and 4",
        "angles 3,4, 7, and 8",
        "angles 4,5, and 8"
    ],
    "problem_answer": "angles 2,3, 6, and 7",
    "error": "'1'",
    "total_time": 0.349616
}