{
    "problem_id": "2755",
    "solved": false,
    "problem_text": "Find m \\angle H.",
    "logic_forms": [
        "Equals(MeasureOf(Angle(H, J, E)), x+10)",
        "Equals(MeasureOf(Angle(G, F, E)), x+20)",
        "Equals(MeasureOf(Angle(F, E, J)), x)",
        "Equals(MeasureOf(Angle(H, G, F)), x-5)",
        "Equals(MeasureOf(Angle(H, G, F)), x+5)",
        "Find(MeasureOf(Angle(H)))"
    ],
    "point_instances": [
        "G",
        "E",
        "J",
        "H",
        "F"
    ],
    "line_instances": [
        "JH",
        "GH",
        "FG",
        "FE",
        "EJ"
    ],
    "circle_instances": [],
    "point_positions": {
        "G": [
            234.15025906735752,
            38.86010362694301
        ],
        "E": [
            31.818652849740936,
            91.96891191709845
        ],
        "J": [
            164.720207253886,
            202.33160621761658
        ],
        "H": [
            263.6839378238342,
            148.18652849740934
        ],
        "F": [
            61.09326424870467,
            39.11917098445596
        ]
    },
    "problem_choices": [
        "97",
        "102",
        "107",
        "122"
    ],
    "choices_precise_value": [
        97.0,
        102.0,
        107.0,
        122.0
    ],
    "problem_answer": 97.0,
    "error": "The linear equation system is inconsistent. The minimal conflicts are [Predicate[Equals(Mul(3.1415926536, Div(Add(5.0, x), 180.0)), Mul(3.1415926536, Div(Sub(x, 5.0), 180.0)))]]",
    "total_time": 6.850386
}