{
    "problem_id": "2794",
    "solved": false,
    "problem_text": "For the pair of similar figures, use the given areas to find the scale factor from the blue to the green figure.",
    "logic_forms": [
        "Equals(AreaOf(Rectangle(A, B, C, D)), 8)",
        "Equals(AreaOf(Rectangle(E, F, G, H)), 32)",
        "Equals(LengthOf(Line(B, C)), 4)",
        "Equals(LengthOf(Line(F, G)), x)",
        "Find(ScaleFactorOf(Blue(Rectangle(A, B, C, D)), Green(Rectangle(E, F, G, H))))",
        "Similar(Rectangle(A, B, C, D), Rectangle(E, F, G, H))"
    ],
    "point_instances": [
        "A",
        "B",
        "C",
        "D",
        "E",
        "F",
        "G",
        "H"
    ],
    "line_instances": [
        "BA",
        "AD",
        "CD",
        "BC",
        "FE",
        "EH",
        "GH",
        "FG"
    ],
    "circle_instances": [],
    "point_positions": {
        "A": [
            16.452830188679243,
            176.30188679245282
        ],
        "B": [
            16.92452830188679,
            90.9245283018868
        ],
        "C": [
            221.16981132075472,
            92.33962264150944
        ],
        "D": [
            221.64150943396226,
            178.18867924528303
        ],
        "E": [
            285.79245283018867,
            176.77358490566036
        ],
        "F": [
            285.79245283018867,
            60.73584905660377
        ],
        "G": [
            587.6792452830189,
            60.73584905660377
        ],
        "H": [
            587.6792452830189,
            177.2452830188679
        ]
    },
    "problem_choices": [
        "\\frac { 1 } { 4 }",
        "\\frac { 1 } { 2 }",
        "\\frac { 2 } { 1 }",
        "\\frac { 4 } { 1 }"
    ],
    "choices_precise_value": [
        0.25,
        0.5,
        2.0,
        4.0
    ],
    "problem_answer": 0.5,
    "error": "Expect to have one goal, but got 0 goals: []",
    "total_time": 0.824815
}