{
    "problem_id": "2935",
    "solved": false,
    "problem_text": "Find the area of the figure in feet. Round to the nearest tenth, if necessary.",
    "logic_forms": [
        "Find(AreaOf(Shape($)))"
    ],
    "point_instances": [
        "A",
        "B",
        "C",
        "D",
        "E"
    ],
    "line_instances": [
        "AB",
        "CB",
        "ED",
        "EC",
        "DC",
        "EA",
        "DA"
    ],
    "circle_instances": [],
    "point_positions": {
        "A": [
            93.63157894736841,
            188.94736842105263
        ],
        "B": [
            227.3157894736842,
            189.73684210526315
        ],
        "C": [
            293.10526315789474,
            74.21052631578947
        ],
        "D": [
            92.84210526315789,
            74.73684210526315
        ],
        "E": [
            26.78947368421052,
            74.73684210526315
        ]
    },
    "problem_choices": [
        "34.6",
        "36",
        "40",
        "48"
    ],
    "choices_precise_value": [
        34.6,
        36.0,
        40.0,
        48.0
    ],
    "problem_answer": 34.6,
    "error": "Expect to have one goal, but got 0 goals: []",
    "total_time": 0.366793
}