{
    "problem_id": "2938",
    "solved": true,
    "problem_text": "Find the value of x in the diagram.",
    "logic_forms": [
        "PointLiesOnLine(L, Line(K, N))",
        "PointLiesOnLine(J, Line(L, I))",
        "PointLiesOnLine(G, Line(J, H))",
        "PointLiesOnLine(F, Line(G, E))",
        "PointLiesOnLine(D, Line(B, F))",
        "PointLiesOnLine(C, Line(A, D))",
        "PointLiesOnLine(N, Line(M, C))",
        "Equals(MeasureOf(Angle(H, G, F)), x+14)",
        "Equals(MeasureOf(Angle(A, C, N)), x-20)",
        "Equals(MeasureOf(Angle(E, F, D)), x)",
        "Equals(MeasureOf(Angle(B, D, C)), x-10)",
        "Equals(MeasureOf(Angle(K, L, J)), 42)",
        "Equals(MeasureOf(Angle(A, C, N)), 21)",
        "Equals(MeasureOf(Angle(I, J, G)), 29)",
        "Find(x)"
    ],
    "point_instances": [
        "A",
        "B",
        "C",
        "D",
        "E",
        "F",
        "G",
        "H",
        "I",
        "J",
        "K",
        "L",
        "M",
        "N"
    ],
    "line_instances": [
        "KL",
        "KN",
        "LN",
        "LJ",
        "LI",
        "JI",
        "JG",
        "JH",
        "GH",
        "GF",
        "GE",
        "FE",
        "BD",
        "BF",
        "DF",
        "AC",
        "AD",
        "CD",
        "MN",
        "MC",
        "NC"
    ],
    "circle_instances": [],
    "point_positions": {
        "A": [
            60.730593607305934,
            185.80365296803654
        ],
        "B": [
            88.58447488584476,
            305.89497716894977
        ],
        "C": [
            142.92237442922374,
            243.7945205479452
        ],
        "D": [
            224.65753424657535,
            304.06849315068496
        ],
        "E": [
            348.8584474885845,
            377.58447488584477
        ],
        "F": [
            377.1689497716895,
            304.98173515981733
        ],
        "G": [
            433.33333333333337,
            164.79908675799086
        ],
        "H": [
            506.39269406392697,
            198.1324200913242
        ],
        "I": [
            389.95433789954336,
            100.41552511415526
        ],
        "J": [
            308.675799086758,
            107.2648401826484
        ],
        "K": [
            260.2739726027397,
            77.58447488584476
        ],
        "L": [
            225.11415525114157,
            115.02739726027397
        ],
        "M": [
            205.02283105022832,
            88.08675799086758
        ],
        "N": [
            169.40639269406392,
            173.47488584474885
        ]
    },
    "problem_choices": [
        "11",
        "31",
        "71",
        "133"
    ],
    "choices_precise_value": [
        11.0,
        31.0,
        71.0,
        133.0
    ],
    "problem_answer": 71.0,
    "total_time": 87.627076,
    "solution_predicate": "Equals(40.9999999989, x)",
    "proof": "Step 1:\nTheorem: Known facts\nPremises : start\nConclusions: pi * ((x - 20) / 180) = \u2220NCA, 3.14 = pi, pi * (21 / 180) = \u2220NCA\n\nStep 2:\nTheorem: Evaluate\nPremises : 3.14 = pi\nConclusions: 0.37 = pi * (21 / 180)\n\nStep 3:\nTheorem: Transtivity of Equivalence\nPremises : pi * (21 / 180) = \u2220NCA, pi * ((x - 20) / 180) = \u2220NCA\nConclusions: pi * (21 / 180) = pi * ((x - 20) / 180)\n\nStep 4:\nTheorem: Transtivity of Equivalence\nPremises : 0.37 = pi * (21 / 180), pi * (21 / 180) = pi * ((x - 20) / 180)\nConclusions: 0.37 = pi * ((x - 20) / 180)\n\nStep 5:\nTheorem: Substitution\nPremises : 0.37 = pi * ((x - 20) / 180), 3.14 = pi\nConclusions: 0.37 = 3.14 * ((x - 20) / 180)\n\nStep 6:\nTheorem: Solve Linear Equation System\nPremises : 0.37 = 3.14 * ((x - 20) / 180)\nConclusions: 41 = x\n\n",
    "logic_fomrs_refined": [
        "Line(K, L)",
        "Line(K, N)",
        "Line(L, N)",
        "Line(L, J)",
        "Line(L, I)",
        "Line(J, I)",
        "Line(J, G)",
        "Line(J, H)",
        "Line(G, H)",
        "Line(G, F)",
        "Line(G, E)",
        "Line(F, E)",
        "Line(B, D)",
        "Line(B, F)",
        "Line(D, F)",
        "Line(A, C)",
        "Line(A, D)",
        "Line(C, D)",
        "Line(M, N)",
        "Line(M, C)",
        "Line(N, C)",
        "PointLiesOnLine(L, Line(K, N))",
        "PointLiesOnLine(J, Line(L, I))",
        "PointLiesOnLine(G, Line(J, H))",
        "PointLiesOnLine(F, Line(G, E))",
        "PointLiesOnLine(D, Line(B, F))",
        "PointLiesOnLine(C, Line(A, D))",
        "PointLiesOnLine(N, Line(M, C))",
        "Equals(MeasureOf(Angle(F, G, H)), Mul(pi, Div(Add(x, 14.0), 180.0)))",
        "Equals(MeasureOf(Angle(N, C, A)), Mul(pi, Div(Sub(x, 20.0), 180.0)))",
        "Equals(MeasureOf(Angle(D, F, E)), Mul(pi, Div(x, 180.0)))",
        "Equals(MeasureOf(Angle(C, D, B)), Mul(pi, Div(Sub(x, 10.0), 180.0)))",
        "Equals(MeasureOf(Angle(J, L, K)), Mul(pi, Div(42.0, 180.0)))",
        "Equals(MeasureOf(Angle(N, C, A)), Mul(pi, Div(21.0, 180.0)))",
        "Equals(MeasureOf(Angle(G, J, I)), Mul(pi, Div(29.0, 180.0)))"
    ],
    "correct": false
}