{
    "problem_id": "2959",
    "solved": false,
    "problem_text": "Find the area of the rhombus.",
    "logic_forms": [],
    "point_instances": [
        "A",
        "B",
        "C",
        "D",
        "E"
    ],
    "line_instances": [
        "AE",
        "AC",
        "EC",
        "CB",
        "AB",
        "DA",
        "DC",
        "DE",
        "DB",
        "EB"
    ],
    "circle_instances": [],
    "point_positions": {
        "A": [
            63.70757180156658,
            200.96605744125327
        ],
        "B": [
            243.86422976501305,
            200.443864229765
        ],
        "C": [
            310.70496083550916,
            29.164490861618795
        ],
        "D": [
            131.07049608355092,
            29.686684073107045
        ],
        "E": [
            187.98955613577024,
            115.58746736292429
        ]
    },
    "problem_choices": [
        "132",
        "264",
        "265",
        "528"
    ],
    "choices_precise_value": [
        132.0,
        264.0,
        265.0,
        528.0
    ],
    "problem_answer": 264.0,
    "error": "Expect to have one goal, but got 0 goals: []",
    "total_time": 0.384967
}