{
    "problem_id": "2857",
    "solved": false,
    "problem_text": "Find G H in the kite.",
    "logic_forms": [
        "Equals(LengthOf(Line(G, A)), 12)",
        "Equals(LengthOf(Line(G, H)), 3 * SqrtOf(41))",
        "Equals(LengthOf(Line(G, H)), SqrtOf(Add(Pow(12, 2), Pow(15, 2))))",
        "Equals(LengthOf(Line(H, F)), 15)",
        "Find(LengthOf(Line(G, H)))",
        "Kite(G, H, J, F)",
        "PointLiesOnLine(A, Line(F, H))",
        "PointLiesOnLine(A, Line(G, J))"
    ],
    "point_instances": [
        "H",
        "G",
        "F",
        "J",
        "A"
    ],
    "line_instances": [
        "GF",
        "GA",
        "GJ",
        "AJ",
        "GH",
        "FA",
        "FH",
        "AH",
        "JH",
        "FJ"
    ],
    "circle_instances": [],
    "point_positions": {
        "H": [
            208.0599078341014,
            365.89861751152074
        ],
        "G": [
            89.62672811059909,
            145.6221198156682
        ],
        "F": [
            208.0599078341014,
            62.21198156682028
        ],
        "J": [
            325.5714285714286,
            146.08294930875576
        ],
        "A": [
            208.0599078341014,
            145.16129032258064
        ]
    },
    "problem_choices": [
        "12",
        "15",
        "11 \\sqrt { 3 }",
        "\\sqrt { 369 }"
    ],
    "choices_precise_value": [
        12.0,
        15.0,
        19.05255888325765,
        19.209372712298546
    ],
    "problem_answer": 19.209372712298546,
    "error": "list index out of range",
    "total_time": 0.474583
}