{
    "problem_id": "2462",
    "solved": false,
    "problem_text": "A B is a diameter, A C = 8 inches, and B C = 15 inches. Find the radius of the circle.",
    "logic_forms": [
        "Equals(RadiusOf(Circle(D, radius_0_0)), 8.5)"
    ],
    "point_instances": [
        "C",
        "B",
        "A",
        "D"
    ],
    "line_instances": [
        "CB",
        "AC",
        "AD",
        "AB",
        "DB"
    ],
    "circle_instances": [
        "D"
    ],
    "point_positions": {
        "C": [
            136.55555555555554,
            317.3333333333333
        ],
        "B": [
            406.3333333333333,
            207.55555555555554
        ],
        "A": [
            92.11111111111111,
            206.66666666666666
        ],
        "D": [
            248.55555555555554,
            207.55555555555554
        ]
    },
    "problem_choices": [
        "7.5",
        "8",
        "8.5",
        "17"
    ],
    "choices_precise_value": [
        7.5,
        8.0,
        8.5,
        17.0
    ],
    "problem_answer": 8.5,
    "error": "Expect to have one goal, but got 0 goals: []",
    "total_time": 0.425028
}