{
    "problem_id": "2979",
    "solved": false,
    "problem_text": "Find the area of the regular polygon. Round to the nearest tenth.",
    "logic_forms": [
        "Equals(AreaOf(Regular(Hexagon(A, B, C, D, E, F))) , Div(Mul(27, SqrtOf(3)), 2))",
        "Equals(AreaOf(Regular(Hexagon(A, B, C, D, E, F))) , Mul(6, Div(Mul(9, SqrtOf(3)), 4)),)",
        "Equals(LengthOf(Line(A, C)), 3)",
        "Find(AreaOf(Regular(Hexagon(A, B, C, D, E, F))))",
        "Perpendicular(Line(B, D), Line(C, D))",
        "PointLiesOnLine(D, Line(A, C))"
    ],
    "point_instances": [
        "D",
        "A",
        "B",
        "C",
        "E",
        "F",
        "G",
        "H"
    ],
    "line_instances": [
        "BA",
        "BD",
        "BC",
        "AD",
        "AC",
        "DC",
        "GC",
        "FG",
        "EF",
        "EH",
        "HA"
    ],
    "circle_instances": [],
    "point_positions": {
        "D": [
            145.31952662721895,
            234.9112426035503
        ],
        "A": [
            85.55621301775149,
            235.50295857988166
        ],
        "B": [
            145.6153846153846,
            130.76923076923077
        ],
        "C": [
            207.15384615384616,
            234.6153846153846
        ],
        "E": [
            84.96449704142012,
            22.781065088757398
        ],
        "F": [
            208.0414201183432,
            22.781065088757398
        ],
        "G": [
            268.6923076923077,
            129.58579881656806
        ],
        "H": [
            24.31360946745562,
            129.58579881656806
        ]
    },
    "problem_choices": [
        "3.9",
        "11.7",
        "23.4",
        "46.8"
    ],
    "choices_precise_value": [
        3.9,
        11.7,
        23.4,
        46.8
    ],
    "problem_answer": 23.4,
    "error": "list index out of range",
    "total_time": 0.379569
}