{
    "problem_id": "2983",
    "solved": false,
    "problem_text": "Cut four congruent triangles off the corners of a rectangle to make an octagon. What is the area of the octagon?",
    "logic_forms": [],
    "point_instances": [
        "A",
        "B",
        "C",
        "D",
        "E",
        "F",
        "G",
        "H",
        "I",
        "J",
        "K",
        "L"
    ],
    "line_instances": [
        "IG",
        "IF",
        "IE",
        "GF",
        "GE",
        "FE",
        "FD",
        "AC",
        "AD",
        "AE",
        "CD",
        "CE",
        "DE",
        "BC",
        "KL",
        "KB",
        "KA",
        "LB",
        "LA",
        "BA",
        "KJ",
        "KH",
        "KI",
        "JH",
        "JI",
        "HI",
        "HG",
        "LJ"
    ],
    "circle_instances": [],
    "point_positions": {
        "A": [
            691.9254658385092,
            68.3167701863354
        ],
        "B": [
            589.4409937888198,
            68.93788819875776
        ],
        "C": [
            691.3043478260869,
            170.18012422360246
        ],
        "D": [
            691.9254658385092,
            329.1863354037267
        ],
        "E": [
            692.5465838509316,
            431.04968944099375
        ],
        "F": [
            590.0621118012422,
            430.4285714285714
        ],
        "G": [
            251.5527950310559,
            430.4285714285714
        ],
        "H": [
            149.68944099378882,
            328.5652173913043
        ],
        "I": [
            147.82608695652172,
            431.04968944099375
        ],
        "J": [
            148.44720496894408,
            171.4223602484472
        ],
        "K": [
            149.68944099378882,
            67.69565217391303
        ],
        "L": [
            250.93167701863354,
            68.3167701863354
        ]
    },
    "problem_choices": [
        "456",
        "528",
        "552",
        "564"
    ],
    "choices_precise_value": [
        456.0,
        528.0,
        552.0,
        564.0
    ],
    "problem_answer": 528.0,
    "error": "Expect to have one goal, but got 0 goals: []",
    "total_time": 1.015501
}