{
    "problem_id": "2692",
    "solved": true,
    "problem_text": "Find x.",
    "logic_forms": [
        "PointLiesOnLine(W, Line(A, W'))",
        "PointLiesOnLine(W, Line(A, F))",
        "PointLiesOnLine(W', Line(A, F))",
        "PointLiesOnLine(W', Line(W, F))",
        "PointLiesOnLine(H, Line(B, G))",
        "PointLiesOnLine(H, Line(B, F))",
        "PointLiesOnLine(G, Line(B, F))",
        "PointLiesOnLine(G, Line(H, F))",
        "PointLiesOnLine(D, Line(C, E))",
        "PointLiesOnLine(D, Line(C, F))",
        "PointLiesOnLine(E, Line(C, F))",
        "PointLiesOnLine(E, Line(D, F))",
        "Equals(LengthOf(Line(W', W)), x)",
        "Equals(LengthOf(Line(F, W)), 14)",
        "Equals(LengthOf(Line(F, W')), 10.5)",
        "Find(x)"
    ],
    "point_instances": [
        "W",
        "F",
        "W'",
        "A",
        "B",
        "C",
        "D",
        "E",
        "G",
        "H"
    ],
    "line_instances": [
        "AW",
        "AW'",
        "AF",
        "WW'",
        "WF",
        "W'F",
        "BH",
        "BG",
        "BF",
        "HG",
        "HF",
        "GF",
        "CD",
        "CE",
        "CF",
        "DE",
        "DF",
        "EF",
        "HW",
        "HD",
        "GW'",
        "GE"
    ],
    "circle_instances": [],
    "point_positions": {
        "W": [
            156.80628272251306,
            290.5759162303665
        ],
        "F": [
            348.9528795811518,
            362.30366492146595
        ],
        "W'": [
            207.0680628272251,
            309.4240837696335
        ],
        "A": [
            53.1413612565445,
            253.40314136125653
        ],
        "B": [
            258.9005235602094,
            59.68586387434554
        ],
        "C": [
            546.8586387434555,
            121.98952879581151
        ],
        "D": [
            475.6544502617801,
            205.7591623036649
        ],
        "E": [
            442.6701570680628,
            247.12041884816753
        ],
        "G": [
            299.73821989528795,
            199.4764397905759
        ],
        "H": [
            283.5078534031413,
            142.93193717277487
        ]
    },
    "problem_choices": [
        "3.5",
        "7",
        "10.5",
        "21"
    ],
    "choices_precise_value": [
        3.5,
        7.0,
        10.5,
        21.0
    ],
    "problem_answer": 3.5,
    "total_time": 220.088786,
    "solution_predicate": "Equals(3.5, x)",
    "proof": "Step 1:\nTheorem: Known facts\nPremises : start\nConclusions: x = IW, 10.5 = FI, 14 = FW, I on FW\n\nStep 2:\nTheorem: Line Segment Split\nPremises : I on FW\nConclusions: FW = FI + IW\n\nStep 3:\nTheorem: Transtivity of Equivalence\nPremises : FW = FI + IW, 14 = FW\nConclusions: 14 = FI + IW\n\nStep 4:\nTheorem: Solve Linear Equation System\nPremises : 10.5 = FI, 14 = FI + IW\nConclusions: 3.5 = IW\n\nStep 5:\nTheorem: Transtivity of Equivalence\nPremises : x = IW, 3.5 = IW\nConclusions: 3.5 = x\n\n",
    "logic_fomrs_refined": [
        "Line(A, W)",
        "Line(A, I)",
        "Line(A, F)",
        "Line(W, I)",
        "Line(W, F)",
        "Line(I, F)",
        "Line(B, H)",
        "Line(B, G)",
        "Line(B, F)",
        "Line(H, G)",
        "Line(H, F)",
        "Line(G, F)",
        "Line(C, D)",
        "Line(C, E)",
        "Line(C, F)",
        "Line(D, E)",
        "Line(D, F)",
        "Line(E, F)",
        "Line(H, W)",
        "Line(H, D)",
        "Line(G, I)",
        "Line(G, E)",
        "PointLiesOnLine(W, Line(A, I))",
        "PointLiesOnLine(W, Line(A, F))",
        "PointLiesOnLine(I, Line(A, F))",
        "PointLiesOnLine(I, Line(W, F))",
        "PointLiesOnLine(H, Line(B, G))",
        "PointLiesOnLine(H, Line(B, F))",
        "PointLiesOnLine(G, Line(B, F))",
        "PointLiesOnLine(G, Line(H, F))",
        "PointLiesOnLine(D, Line(C, E))",
        "PointLiesOnLine(D, Line(C, F))",
        "PointLiesOnLine(E, Line(C, F))",
        "PointLiesOnLine(E, Line(D, F))",
        "Equals(LengthOf(Line(I, W)), x)",
        "Equals(LengthOf(Line(F, W)), 14.0)",
        "Equals(LengthOf(Line(F, I)), 10.5)"
    ],
    "correct": true
}