{
    "problem_id": "2750",
    "solved": false,
    "problem_text": "Find the area of the figure. Round to the nearest tenth if necessary.",
    "logic_forms": [],
    "point_instances": [
        "A",
        "B",
        "C",
        "D",
        "E",
        "F",
        "G",
        "H",
        "I",
        "J"
    ],
    "line_instances": [
        "AD",
        "AE",
        "AJ",
        "DE",
        "DJ",
        "EJ",
        "HI",
        "HJ",
        "IJ",
        "GF",
        "GE",
        "FE",
        "BA",
        "BC",
        "BD",
        "CD",
        "CF",
        "CI",
        "FI",
        "EI",
        "CE",
        "CG",
        "GI",
        "BG",
        "BH",
        "GH"
    ],
    "circle_instances": [],
    "point_positions": {
        "A": [
            62.27758007117438,
            218.19217081850536
        ],
        "B": [
            61.20996441281139,
            49.86476868327402
        ],
        "C": [
            115.65836298932385,
            132.78291814946618
        ],
        "D": [
            168.32740213523132,
            218.5480427046263
        ],
        "E": [
            266.5480427046263,
            218.5480427046263
        ],
        "F": [
            266.19217081850536,
            133.1387900355872
        ],
        "G": [
            266.19217081850536,
            48.44128113879003
        ],
        "H": [
            326.6903914590747,
            49.15302491103202
        ],
        "I": [
            379.0035587188612,
            132.78291814946618
        ],
        "J": [
            431.67259786476865,
            218.5480427046263
        ]
    },
    "problem_choices": [
        "31.5",
        "63",
        "126",
        "252"
    ],
    "choices_precise_value": [
        31.5,
        63.0,
        126.0,
        252.0
    ],
    "problem_answer": 63.0,
    "error": "Expect to have one goal, but got 0 goals: []",
    "total_time": 0.628518
}