{
    "problem_id": "7361",
    "solved": false,
    "problem_text": "Find the value of the variable z for the quadrilateral.",
    "logic_forms": [],
    "point_instances": [
        "A",
        "B",
        "C",
        "D",
        "E"
    ],
    "line_instances": [
        "AB",
        "BE",
        "ED",
        "DA",
        "AC",
        "AE",
        "CE",
        "DC",
        "DB",
        "CB"
    ],
    "circle_instances": [],
    "point_positions": {
        "A": [
            30.72,
            31.331730769230766
        ],
        "B": [
            191.65866666666665,
            31.587499999999995
        ],
        "C": [
            110.98666666666666,
            127.88461538461537
        ],
        "D": [
            30.72,
            223.15865384615384
        ],
        "E": [
            191.36,
            223.15865384615384
        ]
    },
    "problem_choices": [
        40.0,
        45.0,
        80.0,
        160.0
    ],
    "choices_precise_value": [
        40.0,
        45.0,
        80.0,
        160.0
    ],
    "problem_answer": 40.0,
    "error": "Expect to have one goal, but got 0 goals: []",
    "total_time": 0.622606
}