{
    "problem_id": "6300",
    "solved": false,
    "problem_text": "Find the area of the shaded region.",
    "logic_forms": [],
    "point_instances": [
        "A",
        "B",
        "C",
        "D",
        "E",
        "F",
        "G"
    ],
    "line_instances": [
        "AB",
        "AC",
        "AD",
        "BC",
        "BD",
        "CD"
    ],
    "circle_instances": [
        "C",
        "B",
        "E",
        "F",
        "G"
    ],
    "point_positions": {
        "A": [
            114.93618090452262,
            234.8
        ],
        "B": [
            115.22222222222223,
            168.42105263157896
        ],
        "C": [
            116.79585798816575,
            99.80277864285962
        ],
        "D": [
            116.0076699285903,
            34.02105263157895
        ],
        "E": [
            115.2041420118343,
            133.57100591715977
        ],
        "F": [
            116.00346032734696,
            68.33973493892525
        ],
        "G": [
            114.52071005917159,
            200.0
        ]
    },
    "problem_choices": [
        392.7,
        471.2,
        589.0,
        785.4
    ],
    "choices_precise_value": [
        392.7,
        471.2,
        589.0,
        785.4
    ],
    "problem_answer": 471.2,
    "error": "Expect to have one goal, but got 0 goals: []",
    "total_time": 0.579215
}