{
    "problem_id": "3589",
    "solved": false,
    "problem_text": "The square is circumscribed to the circle. Find the exact circumference of the circle.",
    "logic_forms": [
        "Equals(CircumferenceOf(Circle(I, r)), Mul(25, Pi))"
    ],
    "point_instances": [
        "A",
        "B",
        "C",
        "D",
        "E",
        "F",
        "G",
        "H",
        "I"
    ],
    "line_instances": [
        "AB",
        "AC",
        "BC",
        "CD",
        "CE",
        "DE",
        "EF",
        "EG",
        "FG",
        "GH",
        "GA",
        "HA"
    ],
    "circle_instances": [
        "I"
    ],
    "point_positions": {
        "A": [
            74.63619047619049,
            275.7197802197802
        ],
        "B": [
            184.44659340659342,
            275.447168216399
        ],
        "C": [
            296.89142857142855,
            275.89697802197804
        ],
        "D": [
            296.6189010989011,
            163.240067624683
        ],
        "E": [
            296.5371428571429,
            54.222527472527474
        ],
        "F": [
            187.6297142857143,
            54.293406593406594
        ],
        "G": [
            75.46285714285715,
            54.222527472527474
        ],
        "H": [
            74.9001680672269,
            164.48125404007757
        ],
        "I": [
            184.95901639344254,
            164.0409836065574
        ]
    },
    "problem_choices": [
        39.269908169872416,
        78.53981633974483,
        94.24777960769379,
        157.07963267948966
    ],
    "choices_precise_value": [
        39.269908169872416,
        78.53981633974483,
        94.24777960769379,
        157.07963267948966
    ],
    "problem_answer": 157.07963267948966,
    "error": "Expect to have one goal, but got 0 goals: []",
    "total_time": 0.535955
}