{
    "problem_id": "2264",
    "solved": false,
    "problem_text": "Find the area of the shaded region.",
    "logic_forms": [
        "Sub(AreaOf(Rectangle(A, B, C, D, E, F, G, H, I, J, K, L)), Mul(4, AreaOf(Circle(Q))))"
    ],
    "point_instances": [
        "A",
        "B",
        "C",
        "D",
        "E",
        "F",
        "G",
        "H",
        "I",
        "J",
        "K",
        "L",
        "M",
        "N",
        "O",
        "P",
        "Q",
        "R",
        "S",
        "T"
    ],
    "line_instances": [
        "JK",
        "JL",
        "JA",
        "KL",
        "KA",
        "LA",
        "AB",
        "AC",
        "AD",
        "BC",
        "BD",
        "CD",
        "DE",
        "DF",
        "DG",
        "EF",
        "EG",
        "FG",
        "JH",
        "JI",
        "JG",
        "HI",
        "HG",
        "IG"
    ],
    "circle_instances": [
        "Q",
        "R",
        "S",
        "T"
    ],
    "point_positions": {
        "A": [
            17.733380480905232,
            26.50612244897959
        ],
        "B": [
            66.16717440974867,
            27.2
        ],
        "C": [
            166.93450114242194,
            27.2
        ],
        "D": [
            218.67843306069736,
            26.735403726708075
        ],
        "E": [
            217.997299729973,
            76.87532467532468
        ],
        "F": [
            217.86453645364537,
            177.1090909090909
        ],
        "G": [
            218.32920792079207,
            226.5857142857143
        ],
        "H": [
            166.87458745874588,
            226.14857142857142
        ],
        "I": [
            66.10726072607261,
            226.14857142857142
        ],
        "J": [
            18.096211795092554,
            226.61739130434782
        ],
        "K": [
            17.13156892612338,
            174.74505494505493
        ],
        "L": [
            17.36828147100424,
            75.51122448979591
        ],
        "M": [
            66.41881188118812,
            126.94628571428572
        ],
        "N": [
            166.71573736321,
            126.92481203007519
        ],
        "O": [
            117.12376237623762,
            77.08285714285714
        ],
        "P": [
            117.1511448019802,
            175.81339285714284
        ],
        "Q": [
            167.1914893617021,
            76.59574468085106
        ],
        "R": [
            66.3936170212766,
            77.3936170212766
        ],
        "S": [
            66.12765957446808,
            176.32978723404256
        ],
        "T": [
            167.1914893617021,
            176.32978723404256
        ]
    },
    "problem_choices": [
        7.1,
        7.7,
        21.9,
        28.9
    ],
    "choices_precise_value": [
        7.1,
        7.7,
        21.9,
        28.9
    ],
    "problem_answer": 21.9,
    "error": "Expect to have one goal, but got 0 goals: []",
    "total_time": 0.963038
}