{
    "problem_id": "2997",
    "solved": false,
    "problem_text": "The segment is tangent to the circle. Find m \\angle J.",
    "logic_forms": [
        "Equals(MeasureOf(Angle(J)), 45)"
    ],
    "point_instances": [
        "J",
        "A",
        "L",
        "K"
    ],
    "line_instances": [
        "JA",
        "JL",
        "AL",
        "LK",
        "JK"
    ],
    "circle_instances": [
        "L"
    ],
    "point_positions": {
        "J": [
            103.41880341880342,
            183.96581196581198
        ],
        "A": [
            256.4102564102564,
            183.53846153846155
        ],
        "L": [
            379.2332268370607,
            184.34504792332268
        ],
        "K": [
            325.21367521367523,
            75.84615384615385
        ]
    },
    "problem_choices": [
        36.87,
        38.66,
        51.34,
        53.13
    ],
    "choices_precise_value": [
        36.87,
        38.66,
        51.34,
        53.13
    ],
    "problem_answer": 53.13,
    "error": "Angle(J) is ambiguous, since J is in collinear groups [['J', 'K'], ['J', 'L'], ['A', 'J']]",
    "total_time": 0.38318
}