{
    "problem_id": "4937",
    "solved": false,
    "problem_text": "Find the area of the figure.",
    "logic_forms": [],
    "point_instances": [
        "A",
        "B",
        "C",
        "D",
        "E",
        "F"
    ],
    "line_instances": [
        "AD",
        "AF",
        "DF",
        "AB",
        "BE",
        "EF",
        "DE",
        "AC",
        "AE",
        "CE",
        "CB"
    ],
    "circle_instances": [],
    "point_positions": {
        "A": [
            22.08395061728395,
            216.6804478897502
        ],
        "B": [
            40.21333333333334,
            15.624515503875969
        ],
        "C": [
            131.87929824561405,
            107.34761321909426
        ],
        "D": [
            249.86,
            160.51162790697674
        ],
        "E": [
            217.37386666666666,
            21.752093023255814
        ],
        "F": [
            404.9066666666667,
            122.45930232558139
        ]
    },
    "problem_choices": [
        40.0,
        50.0,
        60.0,
        80.0
    ],
    "choices_precise_value": [
        40.0,
        50.0,
        60.0,
        80.0
    ],
    "problem_answer": 50.0,
    "error": "Expect to have one goal, but got 0 goals: []",
    "total_time": 0.647502
}