{
    "problem_id": "2091",
    "solved": false,
    "problem_text": "Find the area of the shaded region.",
    "logic_forms": [],
    "point_instances": [
        "A",
        "B",
        "C",
        "D",
        "E",
        "F",
        "G"
    ],
    "line_instances": [
        "EG",
        "GF",
        "FC",
        "CA",
        "AB",
        "BE",
        "ED"
    ],
    "circle_instances": [
        "D"
    ],
    "point_positions": {
        "A": [
            87.24285714285713,
            39.706811797752806
        ],
        "B": [
            215.05142857142857,
            39.640449438202246
        ],
        "C": [
            23.341176470588234,
            150.73364177131526
        ],
        "D": [
            151.15224290088528,
            150.28348180212595
        ],
        "E": [
            279.29523809523806,
            150.42134831460675
        ],
        "F": [
            87.68571428571428,
            261.0252808988764
        ],
        "G": [
            215.52380952380952,
            260.96629213483146
        ]
    },
    "problem_choices": [
        26.632,
        37.434,
        55.938,
        127.306
    ],
    "choices_precise_value": [
        26.632,
        37.434,
        55.938,
        127.306
    ],
    "problem_answer": 26.632,
    "error": "Expect to have one goal, but got 0 goals: []",
    "total_time": 0.647039
}