{
    "problem_id": "4504",
    "solved": false,
    "problem_text": "Find m \\angle WYZ. Assume that segments that appear to be tangent are tangent.",
    "logic_forms": [
        "Find(MeasureOf(Angle(W, Y, Z)))",
        "Tangent(Line(W, A), Circle(Y))"
    ],
    "point_instances": [
        "W",
        "A",
        "Y",
        "Z"
    ],
    "line_instances": [
        "WA",
        "WY",
        "AY",
        "WZ",
        "YZ"
    ],
    "circle_instances": [
        "Y"
    ],
    "point_positions": {
        "W": [
            36.926896551724134,
            42.444102789369644
        ],
        "A": [
            137.45781818181817,
            77.03590040532715
        ],
        "Y": [
            201.0646872496928,
            98.62818514456025
        ],
        "Z": [
            156.59437499999999,
            149.41600318471336
        ]
    },
    "problem_choices": [
        22.62,
        24.624,
        65.376,
        67.38
    ],
    "choices_precise_value": [
        22.62,
        24.624,
        65.376,
        67.38
    ],
    "problem_answer": 67.38,
    "error": "Can not find the intersection point of the tangent line Line(A, W) and the circle Circle(Y, radius_Y)",
    "total_time": 0.718868
}