{
    "problem_id": "1632",
    "solved": false,
    "problem_text": "If m \\angle DEG is 6\\frac{1}{2} times m \\angle FEG, what is m \\angle DEG?",
    "logic_forms": [
        "Equals(MeasureOf(Angle(D, E, G)), Mul(6))",
        "Find(MeasureOf(Angle(D, E, G)))",
        "MeasureOf(Angle(F, E, G))"
    ],
    "point_instances": [
        "A",
        "G",
        "B",
        "D",
        "E",
        "F",
        "C"
    ],
    "line_instances": [
        "BD",
        "BE",
        "BF",
        "BC",
        "DE",
        "DF",
        "DC",
        "EF",
        "EC",
        "FC",
        "EG",
        "EA",
        "GA"
    ],
    "circle_instances": [],
    "point_positions": {
        "A": [
            332.3213973799127,
            43.58571428571428
        ],
        "G": [
            283.9359534206696,
            64.57142857142857
        ],
        "B": [
            29.08296943231441,
            114.29142857142857
        ],
        "D": [
            96.29694323144105,
            114.50666666666666
        ],
        "E": [
            175.79039301310044,
            114.50666666666666
        ],
        "F": [
            300.52401746724894,
            114.29142857142857
        ],
        "C": [
            366.4454148471616,
            114.29142857142857
        ]
    },
    "problem_choices": [
        24.0,
        78.0,
        156.0,
        173.5
    ],
    "choices_precise_value": [
        24.0,
        78.0,
        156.0,
        173.5
    ],
    "problem_answer": 156.0,
    "total_time": 338.497241,
    "solution_predicate": null,
    "proof": null,
    "logic_fomrs_refined": [
        "Line(B, D)",
        "Line(B, E)",
        "Line(B, F)",
        "Line(B, C)",
        "Line(D, E)",
        "Line(D, F)",
        "Line(D, C)",
        "Line(E, F)",
        "Line(E, C)",
        "Line(F, C)",
        "Line(E, G)",
        "Line(E, A)",
        "Line(G, A)",
        "MeasureOf(Angle(F, E, G))"
    ]
}