{
    "problem_id": "5500",
    "solved": false,
    "problem_text": "PX, PY, and PZ are the perpendicular bisectors of \\triangle RST. Find PY.",
    "logic_forms": [
        "Equals(Find(LengthOf(Line(P,Y))) , 83.9)"
    ],
    "point_instances": [
        "R",
        "Y",
        "P",
        "X",
        "S",
        "Z",
        "T"
    ],
    "line_instances": [
        "RY",
        "RS",
        "YS",
        "TZ",
        "TS",
        "ZS",
        "RX",
        "RT",
        "XT",
        "RP",
        "PS",
        "TP",
        "XP",
        "PZ",
        "YP"
    ],
    "circle_instances": [],
    "point_positions": {
        "R": [
            85.74726027397259,
            27.899428571428572
        ],
        "Y": [
            287.1917808219178,
            87.62530612244899
        ],
        "P": [
            274.6271404109589,
            127.44500000000001
        ],
        "X": [
            98.46575342465752,
            147.11673469387756
        ],
        "S": [
            490.02097602739724,
            147.44642857142858
        ],
        "Z": [
            301.5513698630137,
            206.16857142857145
        ],
        "T": [
            111.11586757990867,
            264.9761904761905
        ]
    },
    "problem_choices": [
        16.307,
        46.7,
        82.3,
        83.9
    ],
    "choices_precise_value": [
        16.307,
        46.7,
        82.3,
        83.9
    ],
    "problem_answer": 16.307,
    "error": "Unknown goal type: Equals",
    "total_time": 0.755462
}