{
    "problem_id": "909",
    "solved": false,
    "problem_text": "What is the measure of \\angle 4?",
    "logic_forms": [
        "Equals(MeasureOf(Angle(C, D, B)), MeasureOf(Angle(7)))",
        "Equals(MeasureOf(Angle(D, E, A)), MeasureOf(Angle(6)))",
        "Equals(MeasureOf(Angle(D, E, H)), MeasureOf(Angle(4)))",
        "Equals(MeasureOf(Angle(E, D, K)), 105)",
        "Equals(MeasureOf(Angle(G, H, E)), MeasureOf(Angle(1)))",
        "Equals(MeasureOf(Angle(H, K, J)), MeasureOf(Angle(5)))",
        "Equals(MeasureOf(Angle(K, H, E)), MeasureOf(Angle(8)))",
        "Equals(MeasureOf(Angle(K, H, I)), MeasureOf(Angle(2)))",
        "Equals(MeasureOf(Angle(L, K, D)), MeasureOf(Angle(3)))",
        "Parallel(Line(G, L), Line(F, C))",
        "Parallel(Line(I, A), Line(J, B))",
        "Find(MeasureOf(Angle(4)))"
    ],
    "point_instances": [
        "A",
        "B",
        "C",
        "D",
        "E",
        "F",
        "G",
        "H",
        "I",
        "J",
        "K",
        "L"
    ],
    "line_instances": [
        "GH",
        "GK",
        "GL",
        "HK",
        "HL",
        "KL",
        "FD",
        "FE",
        "FC",
        "DE",
        "DC",
        "EC",
        "IE",
        "IH",
        "IA",
        "EH",
        "EA",
        "HA",
        "JD",
        "JK",
        "JB",
        "DK",
        "DB",
        "KB"
    ],
    "circle_instances": [],
    "point_positions": {
        "A": [
            151.48979591836735,
            402.3771428571428
        ],
        "B": [
            299.4042207792208,
            402.68571428571425
        ],
        "C": [
            542.5735930735931,
            280.18285714285713
        ],
        "D": [
            331.2294372294372,
            280.18285714285713
        ],
        "E": [
            184.56565656565658,
            279.22285714285715
        ],
        "F": [
            25.817219817219815,
            280.5942857142857
        ],
        "G": [
            25.542568542568542,
            150.85714285714286
        ],
        "H": [
            218.75974025974025,
            150.58285714285714
        ],
        "I": [
            252.1298701298701,
            28.388571428571428
        ],
        "J": [
            400.4415584415584,
            27.859591836734694
        ],
        "K": [
            367.07142857142856,
            150.58285714285714
        ],
        "L": [
            542.9855699855699,
            150.85714285714286
        ]
    },
    "problem_choices": [
        52.5,
        75.0,
        90.0,
        105.0
    ],
    "choices_precise_value": [
        52.5,
        75.0,
        90.0,
        105.0
    ],
    "problem_answer": 75.0,
    "error": "The linear equation system is inconsistent. The minimal conflicts are [Predicate[Equals(MeasureOf(Angle(B, D, E)), Sub(Mul(2.0, pi), MeasureOf(Angle(E, D, B))))], Predicate[Equals(MeasureOf(Angle(K, J, D)), Sub(Mul(2.0, pi), MeasureOf(Angle(D, J, K))))], Predicate[Equals(Mul(2.0, pi), Add(MeasureOf(Angle(B, D, J)), MeasureOf(Angle(E, D, B)), MeasureOf(Angle(J, D, E))))], Predicate[Equals(MeasureOf(Angle(J, K, B)), Sub(Mul(2.0, pi), MeasureOf(Angle(B, K, J))))], Predicate[Equals(MeasureOf(Angle(H, K, J)), Sub(Mul(2.0, pi), MeasureOf(Angle(J, K, H))))], Predicate[Equals(Mul(2.0, pi), Add(MeasureOf(Angle(B, K, J)), MeasureOf(Angle(H, K, B)), MeasureOf(Angle(J, K, H))))], Predicate[Equals(Mul(3.0, pi), Add(MeasureOf(Angle(D, E, H)), MeasureOf(Angle(E, H, K)), MeasureOf(Angle(H, K, J)), MeasureOf(Angle(J, D, E)), MeasureOf(Angle(K, J, D))))], Predicate[Equals(Mul(2.0, pi), Add(MeasureOf(Angle(B, D, J)), MeasureOf(Angle(D, J, K)), MeasureOf(Angle(J, K, B)), MeasureOf(Angle(K, B, D))))], Predicate[Equals(Mul(3.0, 3.1415926536), Add(MeasureOf(Angle(B, D, E)), MeasureOf(Angle(D, E, H)), MeasureOf(Angle(E, H, K)), MeasureOf(Angle(H, K, B)), MeasureOf(Angle(K, B, D))))], Predicate[Equals(Mul(3.0, 3.1415926536), Add(MeasureOf(Angle(D, E, H)), MeasureOf(Angle(E, H, K)), MeasureOf(Angle(H, K, J)), MeasureOf(Angle(J, D, E)), MeasureOf(Angle(K, J, D))))]]",
    "total_time": 1415.28719
}