{
    "problem_id": "2053",
    "solved": false,
    "problem_text": "Find the area of the shaded region.",
    "logic_forms": [],
    "point_instances": [
        "A",
        "B",
        "C",
        "D",
        "E"
    ],
    "line_instances": [
        "AB",
        "AC",
        "BC",
        "EB",
        "ED",
        "BD"
    ],
    "circle_instances": [
        "B"
    ],
    "point_positions": {
        "A": [
            24.94372881355932,
            140.70857142857142
        ],
        "B": [
            105.44144144144143,
            103.60360360360359
        ],
        "C": [
            186.83050847457628,
            66.49714285714285
        ],
        "D": [
            186.17062146892656,
            142.39542857142857
        ],
        "E": [
            25.364406779661017,
            66.3869387755102
        ]
    },
    "problem_choices": [
        3.9,
        5.2,
        7.9,
        20.4
    ],
    "choices_precise_value": [
        3.9,
        5.2,
        7.9,
        20.4
    ],
    "problem_answer": 3.9,
    "error": "Expect to have one goal, but got 0 goals: []",
    "total_time": 0.564798
}