{
    "problem_id": "4395",
    "solved": false,
    "problem_text": "AE \\parallel BF \\parallel CG \\parallel DH, AB = BC = CD = 2, and EF = 2.25. What is EH?",
    "logic_forms": [],
    "point_instances": [
        "I",
        "J",
        "K",
        "L",
        "A",
        "B",
        "C",
        "M",
        "N",
        "D",
        "O",
        "E",
        "F",
        "G",
        "H",
        "P",
        "Q",
        "R",
        "S",
        "T"
    ],
    "line_instances": [
        "OE",
        "OF",
        "OG",
        "OH",
        "OP",
        "EF",
        "EG",
        "EH",
        "EP",
        "FG",
        "FH",
        "FP",
        "GH",
        "GP",
        "HP",
        "JB",
        "JF",
        "JR",
        "BF",
        "BR",
        "FR",
        "IA",
        "IE",
        "IQ",
        "AE",
        "AQ",
        "EQ",
        "NA",
        "NB",
        "NC",
        "ND",
        "NM",
        "AB",
        "AC",
        "AD",
        "AM",
        "BC",
        "BD",
        "BM",
        "CD",
        "CM",
        "DM",
        "KC",
        "KG",
        "KS",
        "CG",
        "CS",
        "GS",
        "LD",
        "LH",
        "LT",
        "DH",
        "DT",
        "HT"
    ],
    "circle_instances": [],
    "point_positions": {
        "I": [
            52.91020408163265,
            27.344632768361585
        ],
        "J": [
            139.2,
            28.05488297013721
        ],
        "K": [
            225.48979591836735,
            27.344632768361585
        ],
        "L": [
            311.42448979591836,
            27.344632768361585
        ],
        "A": [
            52.61428571428572,
            109.79284369114878
        ],
        "B": [
            138.7857142857143,
            109.79284369114878
        ],
        "C": [
            225.78571428571428,
            109.79284369114878
        ],
        "M": [
            350.7964285714286,
            109.68926553672317
        ],
        "N": [
            14.914285714285715,
            110.62146892655367
        ],
        "D": [
            311.2114285714286,
            110.37288135593221
        ],
        "O": [
            14.292857142857143,
            141.07344632768363
        ],
        "E": [
            52.91020408163265,
            161.58192090395482
        ],
        "F": [
            139.2,
            207.57062146892656
        ],
        "G": [
            225.78571428571428,
            253.14500941619588
        ],
        "H": [
            311.95714285714286,
            299.5480225988701
        ],
        "P": [
            352.26122448979595,
            320.67796610169495
        ],
        "Q": [
            53.19428571428571,
            350.0112994350283
        ],
        "R": [
            139.6142857142857,
            350.92278719397365
        ],
        "S": [
            225.48979591836735,
            350.5084745762712
        ],
        "T": [
            311.95714285714286,
            349.26553672316385
        ]
    },
    "problem_choices": [
        2.25,
        4.5,
        6.0,
        6.75
    ],
    "choices_precise_value": [
        2.25,
        4.5,
        6.0,
        6.75
    ],
    "problem_answer": 6.75,
    "error": "Expect to have one goal, but got 0 goals: []",
    "total_time": 1.014871
}