{
    "problem_id": "701",
    "solved": false,
    "problem_text": "Find the value of variable x. Lines that appear to be tangent are tangent.",
    "logic_forms": [
        "Equals(MeasureOf(Angle(A, C, B)), 65)",
        "Equals(MeasureOf(Arc(B, C)), 130)",
        "Find(65)"
    ],
    "point_instances": [
        "A",
        "B",
        "C",
        "D",
        "E"
    ],
    "line_instances": [
        "AC",
        "AD",
        "CD",
        "CB"
    ],
    "circle_instances": [
        "E"
    ],
    "point_positions": {
        "A": [
            17.49121466768526,
            27.222857142857144
        ],
        "B": [
            207.46524064171123,
            70.32571428571428
        ],
        "C": [
            75.20142602495544,
            172.78952380952384
        ],
        "D": [
            112.23529411764707,
            267.69142857142856
        ],
        "E": [
            164.29941255917092,
            150.3364416446618
        ]
    },
    "problem_choices": [
        50.0,
        65.0,
        115.0,
        130.0
    ],
    "choices_precise_value": [
        50.0,
        65.0,
        115.0,
        130.0
    ],
    "problem_answer": 65.0,
    "error": "cannot unpack non-iterable NoneType object",
    "total_time": 0.688009
}