{
    "problem_id": "4939",
    "solved": false,
    "problem_text": "Find the area of the shaded region.",
    "logic_forms": [],
    "point_instances": [
        "A",
        "B",
        "C",
        "D",
        "E"
    ],
    "line_instances": [
        "AC",
        "AD",
        "CD",
        "EC",
        "EB",
        "CB"
    ],
    "circle_instances": [
        "C"
    ],
    "point_positions": {
        "A": [
            50.040983606557376,
            83.35714285714286
        ],
        "B": [
            262.43715846994536,
            85.58
        ],
        "C": [
            155.40994048339618,
            139.4708637876499
        ],
        "D": [
            262.71516393442624,
            193.1107142857143
        ],
        "E": [
            49.20696721311475,
            195.33357142857142
        ]
    },
    "problem_choices": [
        15.359,
        61.436,
        139.626,
        262.498
    ],
    "choices_precise_value": [
        15.359,
        61.436,
        139.626,
        262.498
    ],
    "problem_answer": 139.626,
    "error": "Expect to have one goal, but got 0 goals: []",
    "total_time": 0.55484
}