{
    "problem_id": "7716",
    "solved": false,
    "problem_text": "Find the area of the regular polygon.",
    "logic_forms": [
        "Equals(LengthOf(Line(E, D)), 6)",
        "Find(AreaOf(Regular(Hexagon(A, B, C, D, E, F))))",
        "Line(A, C)",
        "Line(B, A)",
        "Line(B, F)",
        "Line(C, E)",
        "Line(D, E)",
        "Line(F, G)",
        "Line(G, E)"
    ],
    "point_instances": [
        "A",
        "B",
        "C",
        "D",
        "E",
        "F",
        "G"
    ],
    "line_instances": [
        "EG",
        "GF",
        "FB",
        "BA",
        "AC",
        "CE",
        "ED"
    ],
    "circle_instances": [],
    "point_positions": {
        "A": [
            109.24952380952382,
            30.482026143790847
        ],
        "B": [
            16.859627329192545,
            83.66879795396419
        ],
        "C": [
            202.57714285714286,
            84.30882352941175
        ],
        "D": [
            112.98857142857143,
            138.10588235294117
        ],
        "E": [
            202.8768472906404,
            192.2444219066937
        ],
        "F": [
            16.300408163265306,
            192.51470588235293
        ],
        "G": [
            109.21591836734694,
            245.8051470588235
        ]
    },
    "problem_choices": [
        256.785,
        280.592,
        305.47,
        374.123
    ],
    "choices_precise_value": [
        256.785,
        280.592,
        305.47,
        374.123
    ],
    "problem_answer": 280.592,
    "total_time": 68.927096,
    "solution_predicate": null,
    "proof": null,
    "logic_fomrs_refined": [
        "Line(E, G)",
        "Line(G, F)",
        "Line(F, B)",
        "Line(B, A)",
        "Line(A, C)",
        "Line(C, E)",
        "Line(E, D)",
        "Line(A, C)",
        "Line(B, A)",
        "Line(B, F)",
        "Line(C, E)",
        "Line(D, E)",
        "Line(F, G)",
        "Line(G, E)",
        "Equals(LengthOf(Line(E, D)), 6.0)"
    ]
}