{
    "problem_id": "5932",
    "solved": false,
    "problem_text": "Find x. Assume that segments that appear to be tangent are tangent.",
    "logic_forms": [
        "Equals(LengthOf(Line(F, D)), 6)",
        "Find(x)"
    ],
    "point_instances": [
        "A",
        "B",
        "C",
        "D",
        "E",
        "F"
    ],
    "line_instances": [
        "CD",
        "CE",
        "DE",
        "FB",
        "FD",
        "FA",
        "BD",
        "BA",
        "DA"
    ],
    "circle_instances": [
        "B"
    ],
    "point_positions": {
        "A": [
            136.182298725942,
            182.37714285714287
        ],
        "B": [
            108.81449893390192,
            101.49253731343282
        ],
        "C": [
            26.042871107387235,
            88.1804329004329
        ],
        "D": [
            98.51626069782752,
            66.94857142857143
        ],
        "E": [
            172.4447662936142,
            44.75330612244898
        ],
        "F": [
            83.5454904542462,
            21.436734693877554
        ]
    },
    "problem_choices": [
        4.0,
        6.0,
        9.0,
        12.0
    ],
    "choices_precise_value": [
        4.0,
        6.0,
        9.0,
        12.0
    ],
    "problem_answer": 4.0,
    "total_time": 105.938381,
    "solution_predicate": null,
    "proof": null,
    "logic_fomrs_refined": [
        "Line(C, D)",
        "Line(C, E)",
        "Line(D, E)",
        "Line(F, B)",
        "Line(F, D)",
        "Line(F, A)",
        "Line(B, D)",
        "Line(B, A)",
        "Line(D, A)",
        "Equals(LengthOf(Line(F, D)), 6.0)"
    ]
}