{
    "problem_id": "1242",
    "solved": false,
    "problem_text": "For what value of y must ABCD be a parallelogram?",
    "logic_forms": [],
    "point_instances": [
        "B",
        "C",
        "A",
        "D"
    ],
    "line_instances": [
        "BC",
        "AD",
        "BA",
        "CD"
    ],
    "circle_instances": [],
    "point_positions": {
        "B": [
            41.146788990825684,
            50.74285714285715
        ],
        "C": [
            297.52293577981646,
            51.3469387755102
        ],
        "A": [
            109.72477064220182,
            187.11428571428573
        ],
        "D": [
            367.15596330275224,
            187.11428571428573
        ]
    },
    "problem_choices": [
        22.385,
        25.5,
        30.0,
        39.0
    ],
    "choices_precise_value": [
        22.385,
        25.5,
        30.0,
        39.0
    ],
    "problem_answer": 39.0,
    "error": "Expect to have one goal, but got 0 goals: []",
    "total_time": 0.531712
}