{
    "problem_id": "7439",
    "solved": false,
    "problem_text": "The figures in the pair are similar. Solve for x.",
    "logic_forms": [
        "Find(x)",
        "Shape(Triangle(B, C, D))",
        "Shape(Triangle(E, A, F))"
    ],
    "point_instances": [
        "A",
        "B",
        "C",
        "D",
        "E",
        "F"
    ],
    "line_instances": [
        "EA",
        "EF",
        "AF",
        "CB",
        "CD",
        "BD"
    ],
    "circle_instances": [],
    "point_positions": {
        "A": [
            556.748299319728,
            17.926530612244896
        ],
        "B": [
            166.40816326530611,
            93.6
        ],
        "C": [
            16.435374149659864,
            168.68571428571425
        ],
        "D": [
            166.40816326530611,
            168.68571428571425
        ],
        "E": [
            254.7482993197279,
            168.68571428571425
        ],
        "F": [
            557.0051020408164,
            168.94285714285712
        ]
    },
    "problem_choices": [
        4.0,
        27.0,
        32.0,
        63.0
    ],
    "choices_precise_value": [
        4.0,
        27.0,
        32.0,
        63.0
    ],
    "problem_answer": 63.0,
    "total_time": 27.204732,
    "solution_predicate": null,
    "proof": null,
    "logic_fomrs_refined": [
        "Line(E, A)",
        "Line(E, F)",
        "Line(A, F)",
        "Line(C, B)",
        "Line(C, D)",
        "Line(B, D)"
    ]
}