{
    "problem_id": "2585",
    "solved": false,
    "problem_text": "What is the measure of \\angle 1 in the kite?",
    "logic_forms": [],
    "point_instances": [
        "A",
        "B",
        "C",
        "D",
        "E"
    ],
    "line_instances": [
        "AD",
        "DE",
        "EB",
        "BA",
        "AC",
        "AE",
        "CE",
        "BC",
        "BD",
        "CD"
    ],
    "circle_instances": [],
    "point_positions": {
        "A": [
            145.94284929248525,
            21.869162561576353
        ],
        "B": [
            18.872111553784862,
            148.74495238095238
        ],
        "C": [
            145.52255494152422,
            148.80847926267282
        ],
        "D": [
            273.22310756972115,
            148.90571428571428
        ],
        "E": [
            145.7763429042451,
            181.77182266009854
        ]
    },
    "problem_choices": [
        22.5,
        45.0,
        67.5,
        90.0
    ],
    "choices_precise_value": [
        22.5,
        45.0,
        67.5,
        90.0
    ],
    "problem_answer": 90.0,
    "error": "Expect to have one goal, but got 0 goals: []",
    "total_time": 0.671343
}