{
    "problem_id": "1517",
    "solved": false,
    "problem_text": "Find m \\angle 2 in the rhombus.",
    "logic_forms": [
        "Equals(MeasureOf(Angle(2)), 58)"
    ],
    "point_instances": [
        "A",
        "B",
        "C",
        "D",
        "E"
    ],
    "line_instances": [
        "DC",
        "DB",
        "CB",
        "AD",
        "BE",
        "AC",
        "AE",
        "CE",
        "AB",
        "DE"
    ],
    "circle_instances": [],
    "point_positions": {
        "A": [
            86.73,
            26.633714285714284
        ],
        "B": [
            259.98,
            26.21428571428571
        ],
        "C": [
            135.975,
            103.54642857142856
        ],
        "D": [
            10.920000000000002,
            181.6125714285714
        ],
        "E": [
            183.54000000000002,
            182.03199999999998
        ]
    },
    "problem_choices": [
        32.0,
        58.0,
        74.0,
        90.0
    ],
    "choices_precise_value": [
        32.0,
        58.0,
        74.0,
        90.0
    ],
    "problem_answer": 58.0,
    "error": "'2'",
    "total_time": 0.317319
}