{
    "problem_id": "8713",
    "solved": false,
    "problem_text": "Find x. Perimeter = 41 yards.",
    "logic_forms": [],
    "point_instances": [
        "A",
        "B",
        "C",
        "D"
    ],
    "line_instances": [
        "CD",
        "DB",
        "BA",
        "AC"
    ],
    "circle_instances": [],
    "point_positions": {
        "A": [
            18.01319648093842,
            41.691428571428574
        ],
        "B": [
            246.0725806451613,
            41.91648351648352
        ],
        "C": [
            74.85483870967742,
            220.46476190476193
        ],
        "D": [
            189.33870967741936,
            220.46476190476193
        ]
    },
    "problem_choices": [
        5.375,
        6.0,
        6.833,
        7.0
    ],
    "choices_precise_value": [
        5.375,
        6.0,
        6.833,
        7.0
    ],
    "problem_answer": 6.0,
    "error": "Expect to have one goal, but got 0 goals: []",
    "total_time": 0.356163
}