{
    "problem_id": "8854",
    "solved": false,
    "problem_text": "Find CA. Assume that segments that appear tangent to circles are tangent.",
    "logic_forms": [
        "Find(LengthOf(Line(C, A)))",
        "Tangent(Line(A, B), Circle(R))",
        "Tangent(Line(A, D), Circle(Q))"
    ],
    "point_instances": [
        "D",
        "A",
        "Q",
        "C",
        "B",
        "R"
    ],
    "line_instances": [
        "BA",
        "AD",
        "CA"
    ],
    "circle_instances": [
        "R",
        "Q"
    ],
    "point_positions": {
        "D": [
            302.1931818181818,
            55.13142857142857
        ],
        "A": [
            163.0151515151515,
            103.11619047619047
        ],
        "Q": [
            315.0900211940005,
            133.14884944370263
        ],
        "C": [
            274.5113636363636,
            201.0
        ],
        "B": [
            115.34090909090908,
            245.7942857142857
        ],
        "R": [
            209.84010690601565,
            280.92588981532464
        ]
    },
    "problem_choices": [
        14.5,
        29.0,
        41.012,
        58.0
    ],
    "choices_precise_value": [
        14.5,
        29.0,
        41.012,
        58.0
    ],
    "problem_answer": 29.0,
    "error": "Can not find the intersection point of the tangent line Line(A, D) and the circle Circle(Q, radius_Q)",
    "total_time": 0.481575
}