{
    "problem_id": "4457",
    "solved": false,
    "problem_text": "AD, BD, and CD are angle bisectors of \\triangle ABC. Suppose CD = 10 and EC = 8. Find the measure of \\angle BCA.",
    "logic_forms": [],
    "point_instances": [
        "B",
        "F",
        "H",
        "G",
        "D",
        "I",
        "C",
        "J",
        "E",
        "A"
    ],
    "line_instances": [
        "AE",
        "AC",
        "EC",
        "BF",
        "BC",
        "FC",
        "GD",
        "GI",
        "GC",
        "DI",
        "DC",
        "IC",
        "BG",
        "BA",
        "GA",
        "DJ",
        "DA",
        "JA",
        "BH",
        "BD",
        "HD",
        "FD",
        "DE"
    ],
    "circle_instances": [
        "D"
    ],
    "point_positions": {
        "B": [
            53.12499999999999,
            44.01785714285714
        ],
        "F": [
            203.99999999999997,
            83.78571428571428
        ],
        "H": [
            99.26785714285714,
            104.73214285714285
        ],
        "G": [
            52.94285714285714,
            200.35714285714283
        ],
        "D": [
            172.9897974492679,
            200.44727116592162
        ],
        "I": [
            293.85714285714283,
            200.35714285714283
        ],
        "C": [
            645.2714285714285,
            200.84285714285713
        ],
        "J": [
            99.57142857142857,
            296.2857142857143
        ],
        "E": [
            203.99999999999997,
            316.9285714285714
        ],
        "A": [
            53.12499999999999,
            356.69642857142856
        ]
    },
    "problem_choices": [
        36.87,
        53.13,
        73.74,
        106.26
    ],
    "choices_precise_value": [
        36.87,
        53.13,
        73.74,
        106.26
    ],
    "problem_answer": 73.74,
    "error": "Expect to have one goal, but got 0 goals: []",
    "total_time": 1.28484
}