{
    "problem_id": "7869",
    "solved": false,
    "problem_text": "What is c? Lines that appear to be tangent are tangent.",
    "logic_forms": [
        "Find(c)"
    ],
    "point_instances": [
        "A",
        "B",
        "C",
        "D",
        "E",
        "F"
    ],
    "line_instances": [
        "AC",
        "AF",
        "CF",
        "CB",
        "BD",
        "DE",
        "EC"
    ],
    "circle_instances": [
        "D"
    ],
    "point_positions": {
        "A": [
            190.06315789473683,
            16.734545454545454
        ],
        "B": [
            80.66432748538011,
            99.75333333333333
        ],
        "C": [
            225.81274238227147,
            121.92631578947369
        ],
        "D": [
            146.54690302805858,
            150.40772841317013
        ],
        "E": [
            165.9157894736842,
            232.44
        ],
        "F": [
            266.670938215103,
            241.8
        ]
    },
    "problem_choices": [
        47.5,
        62.5,
        70.0,
        132.5
    ],
    "choices_precise_value": [
        47.5,
        62.5,
        70.0,
        132.5
    ],
    "problem_answer": 47.5,
    "total_time": 34.984251,
    "solution_predicate": null,
    "proof": null,
    "logic_fomrs_refined": [
        "Line(A, C)",
        "Line(A, F)",
        "Line(C, F)",
        "Line(C, B)",
        "Line(B, D)",
        "Line(D, E)",
        "Line(E, C)"
    ]
}