{
    "problem_id": "5898",
    "solved": false,
    "problem_text": "If m \\angle 1 = 3y-6, find the value of variable x for the parallelogram.",
    "logic_forms": [
        "Equals(MeasureOf(Angle(1)), 3y - 6)",
        "Find(x)",
        "Parallelogram(A, B, C, D)"
    ],
    "point_instances": [
        "A",
        "B",
        "C",
        "D",
        "E"
    ],
    "line_instances": [
        "AD",
        "DE",
        "EB",
        "BA",
        "AC",
        "AE",
        "CE",
        "BC",
        "BD",
        "CD"
    ],
    "circle_instances": [],
    "point_positions": {
        "A": [
            157.99314285714286,
            21.187640449438202
        ],
        "B": [
            22.716923076923077,
            156.85825410544513
        ],
        "C": [
            157.74857142857144,
            156.45786516853934
        ],
        "D": [
            292.752,
            156.8865168539326
        ],
        "E": [
            158.05428571428573,
            292.0955056179775
        ]
    },
    "problem_choices": [
        3.333,
        5.0,
        10.0,
        90.0
    ],
    "choices_precise_value": [
        3.333,
        5.0,
        10.0,
        90.0
    ],
    "problem_answer": 5.0,
    "error": "'1'",
    "total_time": 0.475854
}