{
    "problem_id": "5397",
    "solved": false,
    "problem_text": "What is the perimeter of the figure?",
    "logic_forms": [],
    "point_instances": [
        "A",
        "B",
        "C",
        "D",
        "E"
    ],
    "line_instances": [
        "DE",
        "EA",
        "AB",
        "AC",
        "BC",
        "CD",
        "DB"
    ],
    "circle_instances": [],
    "point_positions": {
        "A": [
            95.86252478519498,
            59.86285714285714
        ],
        "B": [
            263.81758096497026,
            59.86285714285714
        ],
        "C": [
            399.1011235955056,
            59.51278195488722
        ],
        "D": [
            263.35422826729746,
            227.46135338345863
        ],
        "E": [
            95.86252478519498,
            227.81142857142856
        ]
    },
    "problem_choices": [
        30.0,
        35.292,
        40.0,
        44.0
    ],
    "choices_precise_value": [
        30.0,
        35.292,
        40.0,
        44.0
    ],
    "problem_answer": 40.0,
    "error": "Expect to have one goal, but got 0 goals: []",
    "total_time": 0.584188
}