{
    "problem_id": "182",
    "solved": false,
    "problem_text": "Find the scale from B to B'.",
    "logic_forms": [
        "Equals(BB', x)",
        "Equals(LengthOf(Line(Q, B)), 6)",
        "Equals(QB', 8)",
        "Line(A, B)",
        "Line(A, Q)",
        "Line(B', E)",
        "Line(B, B')",
        "Line(B, E)",
        "Line(C, A)",
        "Line(C, B')",
        "Line(C, Q)",
        "Line(D, A)",
        "Line(D, C)",
        "Line(D, Q)",
        "Line(Q, B')",
        "Line(Q, B)",
        "Line(Q, E)",
        "PointLiesOnLine(A, Line(C, Q))",
        "PointLiesOnLine(A, Line(D, Q))",
        "PointLiesOnLine(B', Line(B, E))",
        "PointLiesOnLine(B', Line(Q, E))",
        "PointLiesOnLine(B, Line(Q, B'))",
        "PointLiesOnLine(B, Line(Q, E))",
        "PointLiesOnLine(C, Line(D, A))",
        "PointLiesOnLine(C, Line(D, Q))",
        "Find(ScaleFactorOf(Shape(B),Shape(B')))"
    ],
    "point_instances": [
        "Q",
        "B",
        "A",
        "C",
        "B'",
        "D",
        "E"
    ],
    "line_instances": [
        "QB",
        "QB'",
        "QE",
        "BB'",
        "BE",
        "B'E",
        "DA",
        "DC",
        "DQ",
        "AC",
        "AQ",
        "CQ",
        "AB",
        "CB'"
    ],
    "circle_instances": [],
    "point_positions": {
        "Q": [
            148.13899613899613,
            384.7657142857143
        ],
        "B": [
            346.35907335907336,
            256.370612244898
        ],
        "A": [
            127.16666666666667,
            256.0209523809524
        ],
        "C": [
            119.31081081081082,
            205.60000000000002
        ],
        "B'": [
            421.85945945945946,
            207.36228571428572
        ],
        "D": [
            98.05791505791505,
            70.49142857142857
        ],
        "E": [
            583.7882882882883,
            102.31047619047621
        ]
    },
    "problem_choices": [
        0.75,
        0.8333333333333334,
        1.2,
        1.3333333333333333
    ],
    "choices_precise_value": [
        0.75,
        0.8333333333333334,
        1.2,
        1.3333333333333333
    ],
    "problem_answer": 0.8333333333333334,
    "error": "Expect to have one goal, but got 0 goals: []",
    "total_time": 0.933648
}