{
    "problem_id": "8994",
    "solved": false,
    "problem_text": "For the pair of similar figures, the area of the blue figure is 72 m^{2} and the green figure is 50 m^{2}, find x.",
    "logic_forms": [
        "Equals(AreaOf(Rectangle(A, B, C, D)), 72)",
        "Equals(AreaOf(Rectangle(E, F, G, H)), 50)",
        "Find(x)",
        "Similar(Rectangle(A, B, C, D), Rectangle(E, F, G, H))"
    ],
    "point_instances": [
        "A",
        "B",
        "C",
        "D",
        "E",
        "F",
        "G",
        "H"
    ],
    "line_instances": [
        "AD",
        "DC",
        "CB",
        "BA",
        "EF",
        "FG",
        "GH",
        "EH"
    ],
    "circle_instances": [],
    "point_positions": {
        "A": [
            18.516944444444448,
            88.60119047619047
        ],
        "B": [
            18.347352941176474,
            19.947478991596636
        ],
        "C": [
            143.55833333333334,
            19.82142857142857
        ],
        "D": [
            143.78911764705882,
            88.51890756302521
        ],
        "E": [
            194.7110810810811,
            88.61003861003861
        ],
        "F": [
            194.64272727272729,
            41.52597402597402
        ],
        "G": [
            280.24272727272734,
            41.46103896103896
        ],
        "H": [
            280.119705882353,
            88.83403361344537
        ]
    },
    "problem_choices": [
        8.3,
        10.0,
        14.4,
        17.3
    ],
    "choices_precise_value": [
        8.3,
        10.0,
        14.4,
        17.3
    ],
    "problem_answer": 10.0,
    "total_time": 63.574587,
    "solution_predicate": null,
    "proof": null,
    "logic_fomrs_refined": [
        "Line(A, D)",
        "Line(D, C)",
        "Line(C, B)",
        "Line(B, A)",
        "Line(E, F)",
        "Line(F, G)",
        "Line(G, H)",
        "Line(E, H)",
        "Similar(Rectangle(A, B, C, D), Rectangle(E, F, G, H))",
        "Equals(AreaOf(Rectangle(A, B, C, D)), 72.0)",
        "Equals(AreaOf(Rectangle(E, F, G, H)), 50.0)"
    ]
}