{
    "problem_id": "6869",
    "solved": false,
    "problem_text": "Find the perimeter of the parallelogram.",
    "logic_forms": [],
    "point_instances": [
        "A",
        "B",
        "C",
        "D"
    ],
    "line_instances": [
        "BD",
        "DC",
        "CB",
        "AB",
        "AC"
    ],
    "circle_instances": [],
    "point_positions": {
        "A": [
            22.66666666666667,
            202.51543209876544
        ],
        "B": [
            203.32000000000002,
            202.3456790123457
        ],
        "C": [
            202.83428571428573,
            21.469723691945916
        ],
        "D": [
            382.9878260869566,
            20.665593129361245
        ]
    },
    "problem_choices": [
        10.0,
        13.7,
        14.9,
        16.0
    ],
    "choices_precise_value": [
        10.0,
        13.7,
        14.9,
        16.0
    ],
    "problem_answer": 13.7,
    "error": "Expect to have one goal, but got 0 goals: []",
    "total_time": 0.685934
}