{
    "problem_id": "2349",
    "solved": false,
    "problem_text": "Find the value of variable d. Lines that appear to be tangent are tangent.",
    "logic_forms": [],
    "point_instances": [
        "A",
        "B",
        "C",
        "D",
        "E",
        "F",
        "G"
    ],
    "line_instances": [
        "BF",
        "FG",
        "AF",
        "FE",
        "FD",
        "ED",
        "GC",
        "GE",
        "GA",
        "CE",
        "CA",
        "EA"
    ],
    "circle_instances": [
        "C"
    ],
    "point_positions": {
        "A": [
            185.21367521367523,
            32.59047619047619
        ],
        "B": [
            374.57199211045366,
            106.43340659340657
        ],
        "C": [
            184.73533767432556,
            163.1278936433407
        ],
        "D": [
            71.49506903353057,
            231.38373626373624
        ],
        "E": [
            184.96876456876456,
            231.34129870129868
        ],
        "F": [
            298.2587771203156,
            231.38373626373624
        ],
        "G": [
            184.87692307692308,
            296.3485714285714
        ]
    },
    "problem_choices": [
        28.0,
        60.0,
        124.0,
        184.0
    ],
    "choices_precise_value": [
        28.0,
        60.0,
        124.0,
        184.0
    ],
    "problem_answer": 124.0,
    "error": "Expect to have one goal, but got 0 goals: []",
    "total_time": 0.867318
}