{
    "problem_id": "1835",
    "solved": false,
    "problem_text": "For what value of y must EFGH be a parallelogram?",
    "logic_forms": [],
    "point_instances": [
        "E",
        "F",
        "H",
        "G"
    ],
    "line_instances": [
        "HG",
        "EF",
        "FG",
        "EH"
    ],
    "circle_instances": [],
    "point_positions": {
        "E": [
            139.02777777777777,
            77.41469387755102
        ],
        "F": [
            355.9953703703704,
            76.96285714285715
        ],
        "H": [
            60.56134259259259,
            180.81
        ],
        "G": [
            278.05555555555554,
            180.734693877551
        ]
    },
    "problem_choices": [
        6.0,
        30.667,
        43.0,
        50.4
    ],
    "choices_precise_value": [
        6.0,
        30.667,
        43.0,
        50.4
    ],
    "problem_answer": 43.0,
    "error": "Expect to have one goal, but got 0 goals: []",
    "total_time": 0.517956
}