{
    "problem_id": "3711",
    "solved": false,
    "problem_text": "Find the area of the shaded region.",
    "logic_forms": [
        "Find(AreaOf(Shaded(Square(A, B, C, D))))"
    ],
    "point_instances": [
        "A",
        "B",
        "C",
        "D",
        "E",
        "F",
        "G"
    ],
    "line_instances": [
        "BA",
        "AE",
        "AF",
        "EF",
        "FG",
        "GD",
        "GB",
        "DB"
    ],
    "circle_instances": [
        "D",
        "E"
    ],
    "point_positions": {
        "A": [
            246.8827091633466,
            31.261714285714284
        ],
        "B": [
            79.64669891861126,
            31.31734693877551
        ],
        "C": [
            163.1526308558868,
            114.32807881773398
        ],
        "D": [
            78.86154607788367,
            114.750302402694
        ],
        "E": [
            246.8040201005025,
            114.82412060301507
        ],
        "F": [
            246.89464364763168,
            199.43915343915342
        ],
        "G": [
            79.58551998900947,
            199.53004926108372
        ]
    },
    "problem_choices": [
        13.735,
        77.735,
        100.531,
        258.754
    ],
    "choices_precise_value": [
        13.735,
        77.735,
        100.531,
        258.754
    ],
    "problem_answer": 13.735,
    "error": "Expect to have one goal, but got 0 goals: []",
    "total_time": 0.640771
}