{
    "problem_id": "4432",
    "solved": false,
    "problem_text": "Find the area of the figure.",
    "logic_forms": [
        "Find(AreaOf(Quadrilateral(A, C, D, E)))"
    ],
    "point_instances": [
        "A",
        "B",
        "C",
        "D",
        "E"
    ],
    "line_instances": [
        "AB",
        "AC",
        "BC",
        "EC",
        "EA",
        "AD",
        "DC",
        "DB",
        "DE",
        "BE"
    ],
    "circle_instances": [],
    "point_positions": {
        "A": [
            5.585502183406113,
            226.39314285714286
        ],
        "B": [
            150.7931718936086,
            126.90025974025974
        ],
        "C": [
            296.9061135371179,
            26.81714285714286
        ],
        "D": [
            218.06026200873362,
            227.18354285714287
        ],
        "E": [
            82.80695050946143,
            26.81714285714286
        ]
    },
    "problem_choices": [
        600.0,
        900.0,
        1200.0,
        2400.0
    ],
    "choices_precise_value": [
        600.0,
        900.0,
        1200.0,
        2400.0
    ],
    "problem_answer": 1200.0,
    "total_time": 252.371424,
    "solution_predicate": null,
    "proof": null,
    "logic_fomrs_refined": [
        "Line(A, B)",
        "Line(A, C)",
        "Line(B, C)",
        "Line(E, C)",
        "Line(E, A)",
        "Line(A, D)",
        "Line(D, C)",
        "Line(D, B)",
        "Line(D, E)",
        "Line(B, E)"
    ]
}