{
    "problem_id": "1970",
    "solved": false,
    "problem_text": "Triangle RST is circumscribed about the circle. What is x?",
    "logic_forms": [],
    "point_instances": [
        "S",
        "A",
        "T",
        "B",
        "C",
        "R",
        "D"
    ],
    "line_instances": [
        "SA",
        "ST",
        "AT",
        "TB",
        "TR",
        "BR",
        "SC",
        "SR",
        "CR"
    ],
    "circle_instances": [
        "D"
    ],
    "point_positions": {
        "S": [
            100.97256637168141,
            321.24857142857144
        ],
        "A": [
            189.51567109144543,
            321.6323809523809
        ],
        "T": [
            481.80973451327435,
            321.74204081632655
        ],
        "B": [
            241.26258773268236,
            155.32374384236454
        ],
        "C": [
            99.62947287418238,
            230.98658385093168
        ],
        "R": [
            100.66519174041298,
            57.82730158730159
        ],
        "D": [
            190.2621359223301,
            229.19417475728153
        ]
    },
    "problem_choices": [
        4.0,
        6.0,
        9.0,
        11.0
    ],
    "choices_precise_value": [
        4.0,
        6.0,
        9.0,
        11.0
    ],
    "problem_answer": 4.0,
    "error": "Expect to have one goal, but got 0 goals: []",
    "total_time": 0.589973
}