{
    "problem_id": "3616",
    "solved": false,
    "problem_text": "Find the area of sector JHG.",
    "logic_forms": [
        "Equals(AreaOf(Sector(H, J, G)), Mul(22.5, Pi))"
    ],
    "point_instances": [
        "H",
        "G",
        "J"
    ],
    "line_instances": [
        "HJ",
        "GH"
    ],
    "circle_instances": [
        "H"
    ],
    "point_positions": {
        "H": [
            116.90986511543383,
            122.84162915758118
        ],
        "G": [
            43.09659090909091,
            185.05142857142857
        ],
        "J": [
            189.905303030303,
            185.28507936507935
        ]
    },
    "problem_choices": [
        15.708,
        40.841,
        70.686,
        183.783
    ],
    "choices_precise_value": [
        15.708,
        40.841,
        70.686,
        183.783
    ],
    "problem_answer": 70.686,
    "error": "Expect to have one goal, but got 0 goals: []",
    "total_time": 0.616979
}