{
    "problem_id": "193",
    "solved": false,
    "problem_text": "Find the perimeter of the figure.",
    "logic_forms": [],
    "point_instances": [
        "A",
        "B",
        "C",
        "D",
        "E"
    ],
    "line_instances": [
        "AB",
        "AC",
        "BC",
        "CD",
        "AE",
        "ED",
        "EB"
    ],
    "circle_instances": [],
    "point_positions": {
        "A": [
            27.180609180609178,
            74.59836734693877
        ],
        "B": [
            94.00783392087739,
            74.54534161490683
        ],
        "C": [
            293.90599294947117,
            74.54534161490683
        ],
        "D": [
            227.6121836121836,
            190.0530612244898
        ],
        "E": [
            94.25538582060321,
            189.7967701863354
        ]
    },
    "problem_choices": [
        20.0,
        28.0,
        36.0,
        44.0
    ],
    "choices_precise_value": [
        20.0,
        28.0,
        36.0,
        44.0
    ],
    "problem_answer": 28.0,
    "error": "Expect to have one goal, but got 0 goals: []",
    "total_time": 0.437988
}