{
    "problem_id": "2679",
    "solved": true,
    "problem_text": "The diagram shows the layout of Elm, Plum, and Oak streets. Find the value of x.",
    "logic_forms": [
        "Equals(MeasureOf(Angle(A, E, D)), 55)",
        "Equals(MeasureOf(Angle(E, D, B)), x)",
        "Find(x)",
        "Parallel(Line(G, A), Line(H, B))",
        "PointLiesOnLine(D, Line(E, C))",
        "PointLiesOnLine(D, Line(F, C))",
        "PointLiesOnLine(D, Line(H, B))",
        "PointLiesOnLine(E, Line(F, C))",
        "PointLiesOnLine(E, Line(F, D))",
        "PointLiesOnLine(E, Line(G, A))"
    ],
    "point_instances": [
        "A",
        "B",
        "C",
        "D",
        "E",
        "F",
        "G",
        "H"
    ],
    "line_instances": [
        "GE",
        "GA",
        "EA",
        "FE",
        "FD",
        "FC",
        "ED",
        "EC",
        "DC",
        "HD",
        "HB",
        "DB"
    ],
    "circle_instances": [],
    "point_positions": {
        "A": [
            101.88888888888889,
            317.46031746031747
        ],
        "B": [
            252.28571428571428,
            318.6507936507937
        ],
        "C": [
            321.73015873015873,
            251.5873015873016
        ],
        "D": [
            252.6825396825397,
            201.984126984127
        ],
        "E": [
            102.28571428571428,
            98.80952380952381
        ],
        "F": [
            33.63492063492063,
            50.79365079365079
        ],
        "G": [
            101.88888888888889,
            19.047619047619047
        ],
        "H": [
            251.8888888888889,
            19.047619047619047
        ]
    },
    "problem_choices": [
        "55",
        "115",
        "125",
        "135"
    ],
    "choices_precise_value": [
        55.0,
        115.0,
        125.0,
        135.0
    ],
    "problem_answer": 125.0,
    "total_time": 36.193972,
    "solution_predicate": "Equals(125.0, x)",
    "proof": "Step 1:\nTheorem: Known facts\nPremises : start\nConclusions: \u2220FDB, \u2220FEA, pi * (x / 180) = \u2220EDB, \u2220CEG, \u2220GEF, E on DF, \u2220AED, \u2220HDE, E on CF, \u2220CDH, D on BH, AG || BH, \u2220BDC, \u2220EDB, pi * (55 / 180) = \u2220AED, E on AG, D on CE, 3.14 = pi, \u2220AEC, \u2220DEG\n\nStep 2:\nTheorem: Same Angle\nPremises : E on DF, \u2220FDB\nConclusions: \u2220EDB = \u2220FDB\n\nStep 3:\nTheorem: Corresponding Angle Theorem\nPremises : AG || BH\nConclusions: \u2220FDB = \u2220FEA, \u2220CDH = \u2220CEG\n\nStep 4:\nTheorem: Alternate Interior Angle Theorem\nPremises : AG || BH\nConclusions: \u2220AED = \u2220HDE, \u2220DEG = \u2220EDB\n\nStep 5:\nTheorem: Circumference Split\nPremises : \u2220HDE, \u2220BDC, \u2220EDB, \u2220CDH\nConclusions: 2 * pi = \u2220BDC + \u2220CDH + \u2220EDB + \u2220HDE\n\nStep 6:\nTheorem: Vertical Angle Theorem\nPremises : E on AG, E on CF\nConclusions: \u2220AEC = \u2220GEF\n\nStep 7:\nTheorem: Same Angle\nPremises : D on CE, \u2220CEG\nConclusions: \u2220CEG = \u2220DEG\n\nStep 8:\nTheorem: Vertical Angle Theorem\nPremises : D on CE, D on BH\nConclusions: \u2220BDC = \u2220HDE\n\nStep 9:\nTheorem: Substitution\nPremises : pi * (x / 180) = \u2220EDB, 3.14 = pi\nConclusions: 3.14 * (x / 180) = \u2220EDB\n\nStep 10:\nTheorem: Same Angle\nPremises : D on CE, \u2220AEC\nConclusions: \u2220AEC = \u2220AED\n\nStep 11:\nTheorem: Circumference Split\nPremises : \u2220AED, \u2220DEG, \u2220GEF, \u2220FEA\nConclusions: 2 * pi = \u2220AED + \u2220DEG + \u2220FEA + \u2220GEF\n\nStep 12:\nTheorem: Transtivity of Equivalence\nPremises : \u2220EDB = \u2220FDB, \u2220FDB = \u2220FEA, pi * (x / 180) = \u2220EDB\nConclusions: pi * (x / 180) = \u2220FEA\n\nStep 13:\nTheorem: Transtivity of Equivalence\nPremises : \u2220AED = \u2220HDE, pi * (55 / 180) = \u2220AED\nConclusions: pi * (55 / 180) = \u2220HDE\n\nStep 14:\nTheorem: Transtivity of Equivalence\nPremises : \u2220DEG = \u2220EDB, pi * (x / 180) = \u2220EDB\nConclusions: pi * (x / 180) = \u2220DEG\n\nStep 15:\nTheorem: Transtivity of Equivalence\nPremises : \u2220AEC = \u2220AED, pi * (55 / 180) = \u2220AED\nConclusions: pi * (55 / 180) = \u2220AEC\n\nStep 16:\nTheorem: Substitution\nPremises : pi * (x / 180) = \u2220FEA, 3.14 = pi\nConclusions: 3.14 * (x / 180) = \u2220FEA\n\nStep 17:\nTheorem: Transtivity of Equivalence\nPremises : \u2220BDC = \u2220HDE, pi * (55 / 180) = \u2220HDE\nConclusions: pi * (55 / 180) = \u2220BDC\n\nStep 18:\nTheorem: Transtivity of Equivalence\nPremises : pi * (x / 180) = \u2220DEG, \u2220CEG = \u2220DEG\nConclusions: pi * (x / 180) = \u2220CEG\n\nStep 19:\nTheorem: Substitution\nPremises : pi * (x / 180) = \u2220DEG, 3.14 = pi\nConclusions: 3.14 * (x / 180) = \u2220DEG\n\nStep 20:\nTheorem: Transtivity of Equivalence\nPremises : pi * (55 / 180) = \u2220AEC, \u2220AEC = \u2220GEF\nConclusions: pi * (55 / 180) = \u2220GEF\n\nStep 21:\nTheorem: Transtivity of Equivalence\nPremises : pi * (x / 180) = \u2220CEG, \u2220CDH = \u2220CEG\nConclusions: pi * (x / 180) = \u2220CDH\n\nStep 22:\nTheorem: Substitution\nPremises : 3.14 = pi, 2 * pi = \u2220AED + \u2220DEG + \u2220FEA + \u2220GEF, pi * (55 / 180) = \u2220GEF, pi * (55 / 180) = \u2220AED\nConclusions: 2 * 3.14 = pi * (55 / 180) + pi * (55 / 180) + \u2220DEG + \u2220FEA\n\nStep 23:\nTheorem: Substitution\nPremises : pi * (x / 180) = \u2220CDH, 3.14 = pi\nConclusions: 3.14 * (x / 180) = \u2220CDH\n\nStep 24:\nTheorem: Solve Linear Equation System\nPremises : 3.14 * (x / 180) = \u2220DEG, 2 * pi = \u2220BDC + \u2220CDH + \u2220EDB + \u2220HDE, pi * (55 / 180) = \u2220HDE, 3.14 * (x / 180) = \u2220EDB, 2 * 3.14 = pi * (55 / 180) + pi * (55 / 180) + \u2220DEG + \u2220FEA, 3.14 * (x / 180) = \u2220CDH, 3.14 * (x / 180) = \u2220FEA, pi * (55 / 180) = \u2220BDC\nConclusions: 125 = x\n\n",
    "logic_fomrs_refined": [
        "Line(G, E)",
        "Line(G, A)",
        "Line(E, A)",
        "Line(F, E)",
        "Line(F, D)",
        "Line(F, C)",
        "Line(E, D)",
        "Line(E, C)",
        "Line(D, C)",
        "Line(H, D)",
        "Line(H, B)",
        "Line(D, B)",
        "Parallel(Line(G, A), Line(H, B))",
        "PointLiesOnLine(D, Line(E, C))",
        "PointLiesOnLine(D, Line(F, C))",
        "PointLiesOnLine(D, Line(H, B))",
        "PointLiesOnLine(E, Line(F, C))",
        "PointLiesOnLine(E, Line(F, D))",
        "PointLiesOnLine(E, Line(G, A))",
        "Equals(MeasureOf(Angle(A, E, D)), Mul(pi, Div(55.0, 180.0)))",
        "Equals(MeasureOf(Angle(E, D, B)), Mul(pi, Div(x, 180.0)))"
    ],
    "correct": true
}