{
    "problem_id": "2989",
    "solved": false,
    "problem_text": "For the pair of similar figures, use the given areas to find x.",
    "logic_forms": [
        "Equals(LengthOf(Line(A, B)), x)",
        "Equals(LengthOf(Line(E, F)), 40)",
        "Find(x)",
        "Similar(Pentagon(A, B, C, D, E), Pentagon(E, F, G, H, A))"
    ],
    "point_instances": [
        "A",
        "B",
        "C",
        "D",
        "E",
        "F",
        "G",
        "H"
    ],
    "line_instances": [
        "FE",
        "GF",
        "GH",
        "HE",
        "BA",
        "DB",
        "DC",
        "CA"
    ],
    "circle_instances": [],
    "point_positions": {
        "A": [
            280.188679245283,
            194.9496855345912
        ],
        "B": [
            305.0314465408805,
            119.79245283018867
        ],
        "C": [
            256.9182389937107,
            119.47798742138363
        ],
        "D": [
            280.50314465408803,
            73.25157232704402
        ],
        "E": [
            57.861635220125784,
            232.37106918238993
        ],
        "F": [
            101.25786163522012,
            100.61006289308176
        ],
        "G": [
            57.23270440251572,
            17.59119496855346
        ],
        "H": [
            15.723270440251572,
            100.61006289308176
        ]
    },
    "problem_choices": [
        "6.4",
        "16",
        "100",
        "250"
    ],
    "choices_precise_value": [
        6.4,
        16.0,
        100.0,
        250.0
    ],
    "problem_answer": 16.0,
    "total_time": 119.364621,
    "solution_predicate": null,
    "proof": null,
    "logic_fomrs_refined": [
        "Line(F, E)",
        "Line(G, F)",
        "Line(G, H)",
        "Line(H, E)",
        "Line(B, A)",
        "Line(D, B)",
        "Line(D, C)",
        "Line(C, A)",
        "Similar(Pentagon(A, B, C, D, E), Pentagon(A, E, H, G, F))",
        "Equals(LengthOf(Line(A, B)), x)",
        "Equals(LengthOf(Line(E, F)), 40.0)"
    ]
}