{
    "problem_id": "2591",
    "solved": false,
    "problem_text": "A regular pentagon and a square share a mutual vertex X. The sides X Y and X Z are sides of a third regular polygon with a vertex at X. How many sides does this polygon have?",
    "logic_forms": [
        "Equals(Line(X, Y), SideOf(Regular(Polygon(X, Y, Z))))",
        "Equals(Line(X, Z), SideOf(Regular(Polygon(X, Y, Z))))",
        "Polygon(X, Y, Z)",
        "Regular(Pentagon(A, B, C, X, Z))",
        "Regular(Polygon(X, Y, Z))",
        "Square(X, Y, D, C)"
    ],
    "point_instances": [
        "Y",
        "X",
        "Z",
        "A",
        "B",
        "C",
        "D"
    ],
    "line_instances": [
        "XZ",
        "XC",
        "CB",
        "AB",
        "ZA",
        "YX",
        "YD",
        "DC"
    ],
    "circle_instances": [],
    "point_positions": {
        "Y": [
            76.7667638483965,
            29.44606413994169
        ],
        "X": [
            76.7667638483965,
            108.74635568513119
        ],
        "Z": [
            52.276967930029144,
            184.25655976676384
        ],
        "A": [
            116.70845481049562,
            231.4868804664723
        ],
        "B": [
            180.84839650145773,
            183.96501457725947
        ],
        "C": [
            156.65014577259475,
            108.16326530612244
        ],
        "D": [
            156.65014577259475,
            29.737609329446062
        ]
    },
    "problem_choices": [
        "19",
        "20",
        "28",
        "32"
    ],
    "choices_precise_value": [
        19.0,
        20.0,
        28.0,
        32.0
    ],
    "problem_answer": 20.0,
    "error": "Expect to have one goal, but got 0 goals: []",
    "total_time": 0.812181
}