{
    "problem_id": "2622",
    "solved": false,
    "problem_text": "For the pair of similar figures, find the area of the green figure.",
    "logic_forms": [
        "Equals(LengthOf(Line(A, C)), 8)",
        "Equals(LengthOf(Line(F, G)), 4)",
        "Find(AreaOf(Rhombus(D, E, F, G)))",
        "Similar(Rhombus(A, B, C, D), Rhombus(D, E, F, G))"
    ],
    "point_instances": [
        "A",
        "B",
        "C",
        "D",
        "E",
        "F",
        "G",
        "H"
    ],
    "line_instances": [
        "CB",
        "CD",
        "AD",
        "BA",
        "CA",
        "FH",
        "EH",
        "FE",
        "FG",
        "GH"
    ],
    "circle_instances": [],
    "point_positions": {
        "A": [
            102.40414507772022,
            180.5699481865285
        ],
        "B": [
            16.911917098445596,
            95.33678756476684
        ],
        "C": [
            103.18134715025907,
            8.808290155440416
        ],
        "D": [
            188.41450777202073,
            95.07772020725389
        ],
        "E": [
            207.58549222797927,
            95.85492227979275
        ],
        "F": [
            249.55440414507774,
            52.84974093264249
        ],
        "G": [
            293.33678756476684,
            95.5958549222798
        ],
        "H": [
            250.59067357512953,
            138.60103626943007
        ]
    },
    "problem_choices": [
        "9",
        "18",
        "72",
        "144"
    ],
    "choices_precise_value": [
        9.0,
        18.0,
        72.0,
        144.0
    ],
    "problem_answer": 9.0,
    "total_time": 566.415788,
    "solution_predicate": null,
    "proof": null,
    "logic_fomrs_refined": [
        "Line(C, B)",
        "Line(C, D)",
        "Line(A, D)",
        "Line(B, A)",
        "Line(C, A)",
        "Line(F, H)",
        "Line(E, H)",
        "Line(F, E)",
        "Line(F, G)",
        "Line(G, H)",
        "Similar(Rhombus(A, B, C, D), Rhombus(D, E, G, F))",
        "Equals(LengthOf(Line(A, C)), 8.0)",
        "Equals(LengthOf(Line(F, G)), 4.0)"
    ]
}