{
    "problem_id": "2995",
    "solved": false,
    "problem_text": "\\triangle B C D \\cong \\triangle W X Y. Find x.",
    "logic_forms": [
        "Equals(LengthOf(Line(B, C)), 11)",
        "Equals(LengthOf(Line(W, X)), 2x+5)",
        "Equals(MeasureOf(Angle(C, B, D)), 24x+5)",
        "Equals(MeasureOf(Angle(C, B, D)), 20x-4)",
        "Equals(MeasureOf(Angle(Y, W, X)), 77)",
        "Congruent(Triangle(B,C,D),Triangle(W,X,Y))",
        "Find(x)"
    ],
    "point_instances": [
        "B",
        "D",
        "X",
        "C",
        "Y",
        "W"
    ],
    "line_instances": [
        "CB",
        "CD",
        "BD",
        "YX",
        "YW",
        "XW"
    ],
    "circle_instances": [],
    "point_positions": {
        "B": [
            93.42105263157895,
            287.13157894736844
        ],
        "D": [
            360.5263157894737,
            288.4473684210526
        ],
        "X": [
            673.0263157894736,
            93.05263157894737
        ],
        "C": [
            159.8684210526316,
            85.81578947368422
        ],
        "Y": [
            471.7105263157895,
            264.10526315789474
        ],
        "W": [
            749.3421052631579,
            289.7631578947368
        ]
    },
    "problem_choices": [
        "2",
        "3",
        "4",
        "5"
    ],
    "choices_precise_value": [
        2.0,
        3.0,
        4.0,
        5.0
    ],
    "problem_answer": 3.0,
    "error": "The linear equation system is inconsistent. The minimal conflicts are [Predicate[Equals(Mul(3.1415926536, Div(77.0, 180.0)), Mul(3.1415926536, Div(Sub(Mul(20.0, x), 4.0), 180.0)))], Predicate[Equals(Mul(3.1415926536, Div(Add(5.0, Mul(24.0, x)), 180.0)), Mul(3.1415926536, Div(Sub(Mul(20.0, x), 4.0), 180.0)))]]",
    "total_time": 16.631941
}