{
    "problem_id": "2765",
    "solved": false,
    "problem_text": "Find the scale from B to B'.",
    "logic_forms": [
        "PointLiesOnLine(B, Line(Q, B'))",
        "PointLiesOnLine(B, Line(Q, C))",
        "PointLiesOnLine(B', Line(Q, C))",
        "PointLiesOnLine(B', Line(B, C))",
        "PointLiesOnLine(D, Line(E, A))",
        "PointLiesOnLine(D, Line(E, Q))",
        "PointLiesOnLine(A, Line(E, Q))",
        "PointLiesOnLine(A, Line(D, Q))",
        "Equals(LengthOf(Line(B, B')), x)",
        "Equals(LengthOf(Line(Q, B)), 6)",
        "Equals(LengthOf(Line(Q, B')), 8)",
        "Find(ScaleFactorOf(Shape(B),Shape(B')))"
    ],
    "point_instances": [
        "Q",
        "B",
        "B'",
        "A",
        "C",
        "D",
        "E"
    ],
    "line_instances": [
        "QB",
        "QB'",
        "QC",
        "BB'",
        "BC",
        "B'C",
        "ED",
        "EA",
        "EQ",
        "DA",
        "DQ",
        "AQ",
        "DB'",
        "AB"
    ],
    "circle_instances": [],
    "point_positions": {
        "Q": [
            146.2391304347826,
            385.32608695652175
        ],
        "B": [
            344.0652173913043,
            256.52173913043475
        ],
        "B'": [
            421.23913043478257,
            205.43478260869566
        ],
        "A": [
            125.58695652173913,
            255.43478260869563
        ],
        "C": [
            581.5652173913044,
            101.63043478260869
        ],
        "D": [
            118.52173913043478,
            206.52173913043478
        ],
        "E": [
            96.78260869565216,
            70.65217391304347
        ]
    },
    "problem_choices": [
        "\\frac { 3 } { 4 }",
        "\\frac { 5 } { 6 }",
        "\\frac { 6 } { 5 }",
        "\\frac { 4 } { 3 }"
    ],
    "choices_precise_value": [
        0.75,
        0.8333333333333334,
        1.2,
        1.3333333333333333
    ],
    "problem_answer": 1.3333333333333333,
    "error": "Expect to have one goal, but got 0 goals: []",
    "total_time": 0.790918
}